E,S,G
조성,캐피탈,공정
관리,프로그램,이사회
수립,조성,전략
전략,파트너,권리
위험,성장,위기
위기,마케팅,참여
자원,지원,광물
선도,제도,활동
최소,권리,디지털
추진,구성원,장려
효율,영양,가능
측정,증진,사기
인증,조직,보안
중립,시민,운영
수자원,청소년,통합
서비스,스타트업,정보
노력,관계,이행
폐기물,접근성,경쟁력
물류,건강,실천
가능,참여,확보
운영,다양성,지배구조
완화,실현,윤리경영
운송,중소기업,그룹
제품,여신,커뮤니케이션
실천,활동,데이터
보건,공동,소비자보호
오염,디지털,확립
유해,일과,선진
신재생에너지,추구,공급망
행동,일터,지속
데이터,강하,인권
연구개발,발전,성과
공급망,서비스,경영
보전,육성,도전
센터,플랫폼,정도
성과,증대,강화
그린,선발,안착
조달,가능,헌장
경영,기여,금융
배출,보안,예방
대응,운영,정착
강화,미래,공개
경제,통합,준법
순환,포용,부패
재화,이행,정성
금융,제품,버넌스
고도화,실천,윤리
타이어,확보,기업
녹색,협력,건전성
안전,뱅크,안정
생물다양성,보건,선제
기후,상생,확산
채권,행동,가치
산림,교육,책임
감축,인력,이해관계자
영향,커뮤니케이션,리스크
대화,동반성,구축
에너지,데이터,투명
과정,휴먼,혁신
기후변화,커뮤니티,거버넌스
책임,생산,체계
리스크,구현,정보보호
정책,공급망,소비자
구축,지속,주요
자산,인권,보호
혁신,지구,사의
환경보호,성과,정보보안
확대,복지,사적
체계,품질,거래
사업,경영,감사
개발,우수,신설
재료,창조,문화
자연보호,인적자원,원칙
제정,정도,중심
온실가스,제품안전,위험관리
친환경,강화,위원회
프레임워크,지역,기구
투자,동행,기회
탄소,존중,개인정보
기술,재화,컴플라이언스
포트폴리오,금융,주주
중심,고도화,관리
조선소,채용,
목재,예방,
물질,크루,
기회,안전,
환경,웰빙,
시스템,역량,
,사회,
,용적,
,질,
,화학물질,
,소통,
,양성,
,윤리,
,기업,
,개인,
,은행,
,근무,
,확산,
,가치,
,책임,
,노동,
,리스크,
,정책,
,이해관계자,
,정보공개,
,구축,
,사이버,
,이용자,
,혁신,
,향상,
,균형,
,사람,
,확대,
,정보보호,
,사업,
,삼성,
,소비자,
,반영,
,행복,
,개발,
,인재,
,직원,
,모델,
,회공,
,노사,
,보호,
,정보보안,
,보장,
,만족,
,투자,
,사고,
,삶,
,문화,
,연구,
,기술,
,고객,
,파워,
,케이,
,회사,
,유지,
,산업,
,컬처,
,중심,
,신뢰,
,점포,
,고객감동,
,기본권,
,정비,
,통한,
,우선,
,일자리,
,공헌,
,환경,
,나눔,
,개인정보,
,기회,
,관리,
