주식코드,인덱스 종류,회사코드,회사이름
1001,코스피,"['005930', '373220', '000660', '035420', '207940', '035720', '051910', '005380', '006400', '000270', '005490', '105560', '068270', '323410', '012330', '028260', '066570', '055550', '096770', '377300', '011200', '034730', '015760', '051900', '086790', '259960', '034020', '009150', '017670', '032830', '003550', '352820', '033780', '302440', '018260', '010130', '090430', '316140', '010950', '329180', '003490', '036570', '000810', '003670', '361610', '251270', '030200', '011070', '024110', '402340', '011170', '009830', '326030', '383220', '009540', '086280', '034220', '018880', '137310', '035250', '032640', '097950', '004020', '088980', '010140', '006800', '011790', '000720', '021240', '028050', '011780', '000060', '138040', '161390', '267250', '000100', '071050', '036460', '020150', '008560', '005830', '241560', '078930', '006360', '003410', '002790', '139480', '016360', '047810', '029780', '028670', '180640', '005940', '052690', '271560', '010620', '128940', '272210', '307950', '000120', '008930', '004990', '008770', '000990', '282330', '012450', '042660', '047040', '002380', '007070', '112610', '012750', '026960', '030000', '010060', '047050', '088350', '004170', '039490', '138930', '336260', '375500', '001450', '023530', '000080', '001040', '014680', '204320', '285130', '006280', '064350', '000880', '298050', '298020', '019170', '004000', '000150', '081660', '111770', '336370', '051600', '069620', '009240', '093370', '003090', '004370', '004800', '069960', '120110', '175330', '381970', '011210', '014820', '010780', '042700', '079550', '001230', '006260', '007310', '017800', '139130', '181710', '271940', '363280', '012510', '010120', '042670', '089860', '330590', '365550', '005300', '020560', '178920', '011000', '248070', '249420', '294870', '300720', '353200', '013890', '032350', '073240', '000210', '000240', '000670', '001120', '001440', '001740', '003690', '005070', '005850', '009900', '185750', '395400', '002840', '003240', '003530', '005250', '005880', '006650', '007700', '009420', '016380', '017390', '018670', '023590', '031430', '036420', '039130', '079160', '082640', '089590', '103140', '161890', '192820', '214320', '241590', '268280', '344820', '383800', '001800', '145720', '192080', '195870', '267260', '272450', '280360', '284740', '298000', '069260', '097520', '105630', '016710', '020000', '033270', '034120', '010050', '014830', '004490', '005090', '005440', '005610', '006040', '006120', '007340', '003000', '003280', '003470', '003520', '003540', '003850', '348950', '001680', '114090', '108670', '001880', '145990', '170900', '183190', '192400', '192650', '210980', '267270', '286940', '298040', '049770', '057050', '064960', '071840', '084010', '085620', '093050', '097230', '017810', '017960', '020120', '025540', '025860', '034310', '034830', '007810', '008730', '009450', '009970', '005180', '005390', '005690', '006390', '007690', '002240', '002350', '003030', '003070', '003230', '003580', '000070', '000400', '000640', '001060', '001430', '001530', '001720', '001820', '115390', '004690', '004700', '004890', '004980', '005420', '005500', '005950', '005960', '006110', '006490', '007570', '007660', '001940', '002020', '002030', '002270', '002310', '002320', '002780', '002960', '002990', '003060', '003220', '003300', '003620', '004250', '088260', '293940', '357120', '377190', '000020', '000050', '000140', '000370', '000480', '001200', '001390', '001470', '001500', '001510', '001520', '001630', '001780', '317400', '339770', '107590', '117580', '122900', '123890', '126560', '130660', '138250', '138490', '139990', '161000', '194370', '214330', '226320', '271980', '272550', '281820', '293480', '298690', '306200', '053210', '055490', '058650', '060980', '068400', '071320', '072710', '075580', '077970', '081000', '082740', '084680', '084690', '091810', '092220', '095720', '102460', '104700', '016580', '016590', '016800', '017940', '018250', '024720', '026890', '027410', '029530', '030210', '030610', '031440', '033240', '035510', '037270', '037560', '008490', '009160', '009290', '009410', '011690', '011930', '012630', '013580', '004430', '308170', '322000', '372910', '380440', '105840', '111110', '118000', '119650', '120030', '123690', '128820', '133820', '134380', '134790', '136490', '143210', '200880', '210540', '213500', '214390', '214420', '229640', '234080', '244920', '248170', '264900', '267290', '267850', '282690', '044450', '044820', '047400', '053690', '058430', '063160', '067830', '068290', '069460', '070960', '071970', '074610', '075180', '077500', '078520', '079430', '079980', '083420', '089470', '090350', '091090', '092200', '092230', '092440', '093230', '094280', '095570', '096760', '100250', '100840', '101140', '101530', '102260', '102280', '103590', '016090', '016450', '016610', '016740', '016880', '017040', '017180', '017550', '017900', '018470', '019440', '019680', '023000', '023450', '023800', '023810', '024090', '024890', '024900', '025000', '025750', '025820', '028100', '029460', '031820', '032560', '033180', '033530', '033920', '034300', '034590', '035000', '035150', '036530', '036580', '037710', '039570', '007860', '007980', '008040', '008060', '008110', '008250', '008260', '008350', '008700', '008970', '009070', '009190', '009200', '009270', '009320', '009460', '009470', '009580', '009680', '009810', '010040', '010690', '010820', '010960', '011090', '011150', '011280', '011500', '011700', '011760', '011810', '012030', '012200', '012610', '012690', '012800', '013360', '013570', '013870', '014160', '014280', '014530', '014580', '014710', '014790', '015230', '015360', '015540', '015860', '015890', '004270', '004310', '004360', '004380', '004410', '004440', '004540', '004560', '004710', '004720', '004770', '004830', '004960', '004970', '005010', '005320', '005430', '005680', '005720', '005740', '005750', '005800', '005810', '005870', '006060', '006220', '006340', '006370', '006380', '006660', '006740', '006840', '006890', '007110', '007160', '007210', '007280', '007460', '007540', '002100', '002150', '002170', '002210', '002360', '002390', '002450', '002460', '002600', '002620', '002630', '002700', '002710', '002720', '002760', '002810', '002880', '002900', '003120', '003160', '003200', '003350', '003460', '003480', '003560', '003570', '003610', '003650', '003720', '003780', '003830', '003920', '003960', '004060', '004080', '004090', '004140', '004150', '334890', '350520', '396690', '400760', '404990', '000180', '000220', '000230', '000300', '000320', '000390', '000430', '000490', '000520', '000540', '000680', '000700', '000860', '000890', '000910', '000970', '001070', '001130', '001250', '001260', '001270', '001290', '001340', '001360', '001460', '001550', '001560', '001570', '001750', '001790', '090080', '090370', '092780', '093240', '100220', '109070', '123700', '129260', '145210', '155660', '163560', '227840', '378850', '010420', '010580', '010600', '010640', '010660', '010770', '011230', '011300', '011330', '011390', '011420', '012160', '012170', '012280', '012320', '012600', '013000', '013520', '013700', '014130', '014440', '014910', '014990', '015020', '015260', '015590', '017370', '018500', '019180', '019490', '020760', '021050', '021820', '023150', '023350', '023960', '024070', '025530', '025560', '025620', '025890', '026940', '027740', '027970', '030720', '030790', '033250', '041650', '044380', '049800', '051630', '058730', '058850', '058860', '069640', '069730', '071090', '071950', '072130', '078000', '084670', '084870', '085310', '088790', '140910', '145270', '204210', '338100', '357250', '153360', '155900', '000040', '000500', '000590', '000650', '000760', '000850', '000950', '001020', '001080', '001140', '001210', '001380', '001420', '001620', '001770', '002070', '002140', '002200', '002220', '002410', '002420', '002690', '002820', '002870', '002920', '003010', '003080', '003680', '004100', '004450', '004840', '004870', '004910', '004920', '005030', '005110', '005360', '005820', '006090', '006200', '006570', '006880', '006980', '007120', '007590', '007610', '008420', '008500', '008600', '008870', '009140', '009180', '009310', '009440', '009770', '010100', '010400']","['삼성전자', 'LG에너지솔루션', 'SK하이닉스', 'NAVER', '삼성바이오로직스', '카카오', 'LG화학', '현대차', '삼성SDI', '기아', 'POSCO', 'KB금융', '셀트리온', '카카오뱅크', '현대모비스', '삼성물산', 'LG전자', '신한지주', 'SK이노베이션', '카카오페이', 'HMM', 'SK', '한국전력', 'LG생활건강', '하나금융지주', '크래프톤', '두산중공업', '삼성전기', 'SK텔레콤', '삼성생명', 'LG', '하이브', 'KT&G', 'SK바이오사이언스', '삼성에스디에스', '고려아연', '아모레퍼시픽', '우리금융지주', 'S-Oil', '현대중공업', '대한항공', '엔씨소프트', '삼성화재', '포스코케미칼', 'SK아이이테크놀로지', '넷마블', 'KT', 'LG이노텍', '기업은행', 'SK스퀘어', '롯데케미칼', '한화솔루션', 'SK바이오팜', 'F&F', '한국조선해양', '현대글로비스', 'LG디스플레이', '한온시스템', '에스디바이오센서', '강원랜드', 'LG유플러스', 'CJ제일제당', '현대제철', '맥쿼리인프라', '삼성중공업', '미래에셋증권', 'SKC', '현대건설', '코웨이', '삼성엔지니어링', '금호석유', '메리츠화재', '메리츠금융지주', '한국타이어앤테크놀로지', '현대중공업지주', '유한양행', '한국금융지주', '한국가스공사', '일진머티리얼즈', '메리츠증권', 'DB손해보험', '두산밥캣', 'GS', 'GS건설', '쌍용C&E', '아모레G', '이마트', '삼성증권', '한국항공우주', '삼성카드', '팬오션', '한진칼', 'NH투자증권', '한전기술', '오리온', '현대미포조선', '한미약품', '한화시스템', '현대오토에버', 'CJ대한통운', '한미사이언스', '롯데지주', '호텔신라', 'DB하이텍', 'BGF리테일', '한화에어로스페이스', '대우조선해양', '대우건설', 'KCC', 'GS리테일', '씨에스윈드', '에스원', '동서', '제일기획', 'OCI', '포스코인터내셔널', '한화생명', '신세계', '키움증권', 'BNK금융지주', '두산퓨얼셀', 'DL이앤씨', '현대해상', '롯데쇼핑', '하이트진로', 'CJ', '한솔케미칼', '만도', 'SK케미칼', '녹십자', '현대로템', '한화', '효성첨단소재', '효성티앤씨', '신풍제약', '롯데정밀화학', '두산', '휠라홀딩스', '영원무역', '솔루스첨단소재', '한전KPS', '대웅제약', '한샘', '후성', '대웅', '농심', '효성', '현대백화점', '코오롱인더', 'JB금융지주', '케이카', '현대위아', '동원시스템즈', '아이에스동서', '한미반도체', 'LIG넥스원', '동국제강', 'LS', '오뚜기', '현대엘리베이', 'DGB금융지주', 'NHN', '일진하이솔루스', '티와이홀딩스', '더존비즈온', 'LS ELECTRIC', '현대두산인프라코어', '롯데렌탈', '롯데리츠', 'ESR켄달스퀘어리츠', '롯데칠성', '아시아나항공', 'PI첨단소재', '진원생명과학', '솔루엠', '일동제약', 'HDC현대산업개발', '한일시멘트', '대덕전자', '지누스', '롯데관광개발', '금호타이어', 'DL', '한국앤컴퍼니', '영풍', 'LX인터내셔널', '대한전선', 'SK네트웍스', '코리안리', '코스모신소재', '에스엘', '명신산업', '종근당', 'SK리츠', '미원상사', '태광산업', '한화투자증권', '녹십자홀딩스', '대한해운', '대한유화', 'F&F홀딩스', '한올바이오파마', 'KG동부제철', '서울가스', 'SK가스', '다우기술', '신세계인터내셔날', '제이콘텐트리', '하나투어', 'CJ CGV', '동양생명', '제주항공', '풍산', '한국콜마', '코스맥스', '이노션', '화승엔터프라이즈', '미원에스씨', 'KCC글라스', 'LX홀딩스', '오리온홀딩스', '덴티움', '더블유게임즈', '해성디에스', '현대일렉트릭', '진에어', '롯데제과', '쿠쿠홈시스', '효성화학', '휴켐스', '엠씨넥스', '한세실업', '대성홀딩스', '한섬', '유나이티드제약', 'SBS', '우리종금', '유니드', '세방전지', 'SGC에너지', '현대그린푸드', 'SPC삼립', '동원산업', 'SK디스커버리', '디티알오토모티브', '부광약품', '흥아해운', '유안타증권', '영진약품', '대신증권', '보령제약', '제이알글로벌리츠', '대상', 'GKL', 'LX하우시스', 'DL건설', '삼양사', '동아에스티', '아세아시멘트', '쿠쿠홀딩스', '드림텍', 'SK디앤디', '현대건설기계', '롯데정보통신', '효성중공업', '동원F&B', '현대홈쇼핑', 'SNT모티브', '롯데하이마트', '대한제강', '미래에셋생명', 'LF', 'HJ중공업', '풀무원', '한국카본', '키다리스튜디오', '한국단자', '남해화학', 'NICE', '한국토지신탁', '코리아써키트', '율촌화학', '경동나비엔', '영원무역홀딩스', '빙그레', '신성통상', '파미셀', '한일현대시멘트', '국도화학', '고려제강', '넥센타이어', '세아제강지주', '코오롱글로벌', '삼양식품', '넥스트사이언스', '삼양홀딩스', '롯데손해보험', '동아쏘시오홀딩스', 'JW중외제약', '세아베스틸', 'DI동일', '신영증권', '삼화콘덴서', '락앤락', '삼천리', '조광피혁', '동일산업', '성신양회', '코스모화학', '삼진제약', '이수화학', '동부건설', '삼아알미늄', '인스코비', '일양약품', '이수페타시스', 'KISCO홀딩스', '코오롱', '아세아', '롯데푸드', '아세아제지', '한진', '진흥기업', '한국쉘석유', '금호건설', '에이프로젠제약', '대원제약', '한일홀딩스', '쌍용차', 'NPC', '이리츠코크렙', '신한알파리츠', '코람코에너지리츠', '디앤디플랫폼리츠', '동화약품', '경방', '하이트진로홀딩스', '한화손해보험', '조선내화', '유진투자증권', 'KG케미칼', '삼부토건', '현대차증권', 'SK증권', '동양', '종근당홀딩스', '알루코', '자이에스앤디', '교촌에프앤비', '미원홀딩스', '대성에너지', '아이마켓코리아', '한국자산신탁', '현대퓨처넷', '한전산업', '엔에스쇼핑', '코오롱플라스틱', '아주스틸', '애경케미칼', '제이에스코퍼레이션', '금호에이치티', '잇츠한불', '제일약품', '삼양패키징', '케이씨텍', '하나제약', '에어부산', '세아제강', '스카이라이프', '테이팩스', '세아홀딩스', '한라홀딩스', 'SK렌터카', '지역난방공사', '농심홀딩스', '세진중공업', 'STX엔진', '일진다이아', 'HSD엔진', '이월드', '대상홀딩스', '티웨이항공', 'KEC', '웅진씽크빅', '이연제약', '한국철강', '환인제약', '신대양제지', '퍼시스', 'E1', '애경산업', '한국콜마홀딩스', '스틱인베스트먼트', 'BGF', '신도리코', 'KTB투자증권', '교보증권', '신세계푸드', '자화전자', '신세계 I&C', 'YG PLUS', 'LG헬로비전', '서흥', 'SIMPAC', '광동제약', '태영건설', '와이투솔루션', '신성이엔지', 'HDC', '계룡건설', '송원산업', '센트랄모텍', '현대에너지솔루션', '한컴라이프케어', '엔에이치스팩19호', '우진', '호전실업', '우리들휴브레인', 'KC코트렐', '조선선재', '한국화장품', '대성산업', '화인베스틸', '미원화학', '시디즈', '선진', '핸즈코퍼레이션', '서연이화', '디와이파워', '한솔제지', '경보제약', '토니모리', 'LS전선아시아', 'JW생명과학', '에이플러스에셋', '샘표식품', '크라운제과', '경동도시가스', '아시아나IDT', '동아타이어', 'KSS해운', '코스맥스비티아이', '유니온머티리얼', '한미글로벌', '포스코강판', '종근당바이오', '세이브존I&C', '삼성출판사', '대호에이엘', '용평리조트', 'STX중공업', '이엔플러스', '새론오토모티브', '유니퀘스트', '에이블씨엔씨', '현대리바트', '휴비스', '그린케미칼', 'HDC현대EP', '노루페인트', '세원이앤씨', '디아이씨', 'KPX홀딩스', '기신정기', '이아이디', '효성ITX', 'AJ네트웍스', 'JW홀딩스', '진양홀딩스', 'SNT에너지', '인바이오젠', '해태제과식품', '동성케미컬', '쌍방울', '일진전기', '대현', '한세예스24홀딩스', 'DB금융투자', '두올', '웅진', '광명전기', '명문제약', '수산중공업', '광전자', '조일알미늄', '세아특수강', '대교', '삼원강재', '동남합성', '인지컨트롤스', '인팩', '디씨엠', '대원화성', '덕양산업', 'KPX케미칼', '한솔홈데코', '이구산업', '동아지질', '케이씨', '콤텍시스템', '황금에스티', 'KH 필룩스', '세종공업', '무학', '신세계건설', '인천도시가스', '지투알', '백산', 'SNT홀딩스', '팜스코', '광주신세계', 'HDC랩스', '서연', '태평양물산', '사조동아원', '대덕', '대동전자', '이건산업', 'NI스틸', '남선알미늄', '아남전자', '동양철관', 'KCTC', '대양금속', '무림페이퍼', '신원', '대우부품', '한창제지', '삼화전기', '무림P&P', '모토닉', '플레이그램', '한국내화', '화신', '퍼스텍', '삼호개발', '에넥스', 'CJ씨푸드', '태림포장', '한농화성', '한신기계', '현대코퍼레이션', 'STX', 'DB', '계양전기', '경인양행', '모나리자', '대창', '일성건설', '디와이', '지엠비코리아', '대영포장', '금강공업', '극동유화', '태경비케이', '사조씨푸드', '한라', '대창단조', '예스코홀딩스', '쎌마테라퓨틱스', '일진홀딩스', '태경산업', '남성', '현대약품', '세방', '삼익THK', '서울식품', '삼일씨엔에스', '깨끗한나라', '현대비앤지스틸', '한솔테크닉스', '팜젠사이언스', '써니전자', '덕성', '한신공영', '신라교역', '휴스틸', '국동', '한국공항', '삼영전자', '넥센', '크라운해태홀딩스', '대림B&Co', '신영와코루', '풍산홀딩스', '휴니드', '화승인더', '제주은행', '대원전선', '대구백화점', '카프로', '삼성공조', '영풍제지', 'AK홀딩스', '태경케미컬', '일신석재', '사조산업', '벽산', '한국특강', '에이프로젠 MED', '샘표', '경농', '도화엔지니어링', '삼양통상', '동성제약', 'SH에너지화학', '한독', '삼익악기', '화성산업', '조흥', '제일파마홀딩스', '오리엔트바이오', '신일전자', 'TCC스틸', '국제약품', '보락', '삼영무역', '대유에이텍', 'TYM', '일성신약', '디아이', '일신방직', '한국화장품제조', '유화증권', '한진중공업홀딩스', 'IHQ', 'SNT중공업', '방림', '미창석유', '삼영화학', '진양산업', '대한화섬', '남양유업', '사조대림', 'SG세계물산', '신흥', '한국석유', '동방', '한솔홀딩스', '이지스밸류리츠', '이지스레지던스리츠', '미래에셋글로벌리츠', 'NH올원리츠', '신한서부티엔디리츠', '성창기업지주', '유유제약', '일동홀딩스', '대유플러스', '노루홀딩스', '삼화페인트', '대원강업', '대동', '삼일제약', '흥국화재', 'LS네트웍스', '유수홀딩스', '강남제비스코', '보해양조', '유니온', '한국주철관', '대한방직', '대한제분', 'GS글로벌', '남광토건', '부국증권', '상상인증권', '백광산업', '삼성제약', 'BYC', '조비', '제일연마', '금양', '한양증권', '대한제당', '평화산업', '메타랩스', '동양피스톤', '형지엘리트', '비상교육', '컨버즈', 'SJM', '인터지스', '다이나믹디자인', 'DSR', '동일고무벨트', '현대코퍼레이션홀딩스', '화승알앤에이', '한솔PNS', '지코', '웰바이오텍', '진양폴리', '화천기계', '평화홀딩스', '삼화전자', '성안', '유니켐', '부산산업', '갤럭시아에스엠', '영흥', '아센디오', '영화금속', '경동인베스트', '센트럴인사이트', '세우글로벌', '화승코퍼레이션', '까뮤이앤씨', '한익스프레스', '영보화학', '성문전자', '인디에프', '이스타코', '에이엔피', '큐로', '우신시스템', '동원금속', '티에이치엔', '하이트론', '일진디스플', '서원', '세원정공', 'MH에탄올', '한국종합기술', '에쓰씨엔지니어링', 'WISCOM', 'SJM홀딩스', '미래산업', '제이준코스메틱', '한국주강', '부국철강', '마니커', '세하', '동원수산', '비케이탑스', '체시스', '상신브레이크', '주연테크', '우진플라임', '진양화학', '다스코', 'KTcs', 'KTis', '한세엠케이', 'DSR제강', '하이스틸', '코아스', '유엔젤', '텔코웨어', '동양고속', 'TBH글로벌', '엔케이', '진도', '에이리츠', '케이탑리츠', '모두투어리츠', 'NH프라임리츠', '미래에셋맵스리츠', '하이골드3호', '바다로19호', 'KR모터스', '가온전선', 'CS홀딩스', '천일고속', '이화산업', '화천기공', '전방', '페이퍼코리아', '만호제강', '국보', '금호전기', 'SG글로벌', '태원물산', '케이비아이동국실업', 'SHD', '비비안', '고려산업', '한국수출포장', '한일철강', '범양건영', '세기상사', '동일제강', 'SUN&L', '신풍제지', '유성기업', '혜인', '성보화학', '한성기업', '태양금속', '삼화왕관', 'DRB동일', '티웨이홀딩스', '조광페인트', '씨아이테크', '부산주공', '한창', '모나미', '원림', '사조오양', '한국전자홀딩스', '대림통상', '신송홀딩스', '우성', '미래아이앤지', '동방아그로', '선도전기', '문배철강', '일정실업', '윌비스', '금비', '경인전자', '한솔로지스틱스', '참엔지니어링', 'KC그린홀딩스', '삼정펄프', '한국프랜지', '우진아이엔에스']"
1002,코스피 대형주,"['005930', '000660', '035420', '207940', '035720', '051910', '005380', '006400', '000270', '005490', '105560', '068270', '012330', '028260', '066570', '055550', '096770', '011200', '034730', '015760', '051900', '086790', '034020', '009150', '017670', '032830', '003550', '352820', '033780', '302440', '018260', '090430', '010130', '316140', '010950', '003490', '036570', '000810', '003670', '361610', '251270', '030200', '011070', '024110', '011170', '009830', '326030', '086280', '034220', '009540', '383220', '018880', '032640', '035250', '097950', '088980', '004020', '006800', '010140', '011790', '021240', '028050', '000720', '011780', '071050', '267250', '161390', '000100', '036460', '008560', '005830', '020150', '003410', '078930', '002790', '006360', '016360', '047810', '139480', '029780', '028670', '241560', '180640', '271560', '005940', '128940', '010620', '008770', '307950', '004990', '008930', '000120', '047040', '042660', '007070', '112610', '006280', '298020', '081660', '019170']","['삼성전자', 'SK하이닉스', 'NAVER', '삼성바이오로직스', '카카오', 'LG화학', '현대차', '삼성SDI', '기아', 'POSCO', 'KB금융', '셀트리온', '현대모비스', '삼성물산', 'LG전자', '신한지주', 'SK이노베이션', 'HMM', 'SK', '한국전력', 'LG생활건강', '하나금융지주', '두산중공업', '삼성전기', 'SK텔레콤', '삼성생명', 'LG', '하이브', 'KT&G', 'SK바이오사이언스', '삼성에스디에스', '아모레퍼시픽', '고려아연', '우리금융지주', 'S-Oil', '대한항공', '엔씨소프트', '삼성화재', '포스코케미칼', 'SK아이이테크놀로지', '넷마블', 'KT', 'LG이노텍', '기업은행', '롯데케미칼', '한화솔루션', 'SK바이오팜', '현대글로비스', 'LG디스플레이', '한국조선해양', 'F&F', '한온시스템', 'LG유플러스', '강원랜드', 'CJ제일제당', '맥쿼리인프라', '현대제철', '미래에셋증권', '삼성중공업', 'SKC', '코웨이', '삼성엔지니어링', '현대건설', '금호석유', '한국금융지주', '현대중공업지주', '한국타이어앤테크놀로지', '유한양행', '한국가스공사', '메리츠증권', 'DB손해보험', '일진머티리얼즈', '쌍용C&E', 'GS', '아모레G', 'GS건설', '삼성증권', '한국항공우주', '이마트', '삼성카드', '팬오션', '두산밥캣', '한진칼', '오리온', 'NH투자증권', '한미약품', '현대미포조선', '호텔신라', '현대오토에버', '롯데지주', '한미사이언스', 'CJ대한통운', '대우건설', '대우조선해양', 'GS리테일', '씨에스윈드', '녹십자', '효성티앤씨', '휠라홀딩스', '신풍제약']"
1003,코스피 중형주,"['138040', '000060', '052690', '272210', '000990', '002380', '012450', '282330', '012750', '039490', '026960', '030000', '047050', '010060', '088350', '004170', '000080', '336260', '001450', '375500', '138930', '023530', '014680', '001040', '000880', '298050', '064350', '285130', '204320', '000150', '004000', '069620', '336370', '093370', '004370', '009240', '111770', '069960', '004800', '051600', '003090', '010780', '011210', '042700', '014820', '001230', '120110', '006260', '079550', '007310', '175330', '017800', '139130', '005300', '012510', '363280', '365550', '042670', '020560', '330590', '010120', '181710', '300720', '178920', '011000', '000210', '009900', '000240', '000670', '032350', '001440', '001120', '353200', '003690', '005850', '294870', '073240', '185750', '013890', '248070', '005070', '003240', '001740', '039130', '016380', '005250', '018670', '079160', '036420', '031430', '006650', '003530', '161890', '082640', '023590', '268280', '214320', '089590', '005880', '241590', '017390', '009420', '192820', '103140', '002840', '344820', '192080', '003520', '003540', '004490', '298000', '105630', '114090', '069260', '348950', '001800', '195870', '020000', '003850', '003000', '284740', '272450', '014830', '005090', '145720', '005440', '097520', '016710', '001680', '034120', '006040', '005610', '006120', '383800', '010050', '003470', '280360', '267260', '033270', '000070', '192650', '085620', '057050', '001430', '267270', '210980', '003580', '000640', '001530', '003230', '097230', '009450', '049770', '005690', '001880', '009970', '017810', '192400', '034310', '064960', '084010', '025540', '002350', '001820', '001720', '001060', '034830', '286940', '170900', '071840', '003070', '005180', '298040', '115390', '145990', '006390', '000400', '002240', '108670', '102460', '093050', '000370', '007570', '018250', '226320', '030610', '068400', '027410', '008490', '123890', '012630', '002320', '026890', '281820', '037560', '271980', '081000', '011930', '001360']","['메리츠금융지주', '메리츠화재', '한전기술', '한화시스템', 'DB하이텍', 'KCC', '한화에어로스페이스', 'BGF리테일', '에스원', '키움증권', '동서', '제일기획', '포스코인터내셔널', 'OCI', '한화생명', '신세계', '하이트진로', '두산퓨얼셀', '현대해상', 'DL이앤씨', 'BNK금융지주', '롯데쇼핑', '한솔케미칼', 'CJ', '한화', '효성첨단소재', '현대로템', 'SK케미칼', '만도', '두산', '롯데정밀화학', '대웅제약', '솔루스첨단소재', '후성', '농심', '한샘', '영원무역', '현대백화점', '효성', '한전KPS', '대웅', '아이에스동서', '현대위아', '한미반도체', '동원시스템즈', '동국제강', '코오롱인더', 'LS', 'LIG넥스원', '오뚜기', 'JB금융지주', '현대엘리베이', 'DGB금융지주', '롯데칠성', '더존비즈온', '티와이홀딩스', 'ESR켄달스퀘어리츠', '현대두산인프라코어', '아시아나항공', '롯데리츠', 'LS ELECTRIC', 'NHN', '한일시멘트', 'PI첨단소재', '진원생명과학', 'DL', '명신산업', '한국앤컴퍼니', '영풍', '롯데관광개발', '대한전선', 'LX인터내셔널', '대덕전자', '코리안리', '에스엘', 'HDC현대산업개발', '금호타이어', '종근당', '지누스', '솔루엠', '코스모신소재', '태광산업', 'SK네트웍스', '하나투어', 'KG동부제철', '녹십자홀딩스', 'SK가스', 'CJ CGV', '제이콘텐트리', '신세계인터내셔날', '대한유화', '한화투자증권', '한국콜마', '동양생명', '다우기술', '미원에스씨', '이노션', '제주항공', '대한해운', '화승엔터프라이즈', '서울가스', '한올바이오파마', '코스맥스', '풍산', '미원상사', 'KCC글라스', '더블유게임즈', '영진약품', '대신증권', '세방전지', '효성화학', '한세실업', 'GKL', '휴켐스', '제이알글로벌리츠', '오리온홀딩스', '해성디에스', '한섬', '보령제약', '부광약품', '쿠쿠홈시스', '진에어', '유니드', 'SGC에너지', '덴티움', '현대그린푸드', '엠씨넥스', '대성홀딩스', '대상', 'SBS', '동원산업', 'SPC삼립', 'SK디스커버리', 'LX홀딩스', '우리종금', '유안타증권', '롯데제과', '현대일렉트릭', '유나이티드제약', '삼양홀딩스', '드림텍', '미래에셋생명', '현대홈쇼핑', '세아베스틸', '현대건설기계', 'SK디앤디', '넥스트사이언스', '동아쏘시오홀딩스', 'DI동일', '삼양식품', 'HJ중공업', '경동나비엔', '동원F&B', '파미셀', 'DL건설', '영원무역홀딩스', '풀무원', '쿠쿠홀딩스', 'NICE', 'SNT모티브', '대한제강', '한국단자', '넥센타이어', '삼화콘덴서', '신영증권', 'JW중외제약', '한국토지신탁', '롯데정보통신', '동아에스티', '롯데하이마트', '코오롱글로벌', '빙그레', '효성중공업', '락앤락', '삼양사', '한일현대시멘트', '롯데손해보험', '고려제강', 'LX하우시스', '이연제약', 'LF', '한화손해보험', '일양약품', '애경산업', '잇츠한불', '교보증권', 'SK렌터카', 'BGF', '서흥', '한국자산신탁', 'HDC', '한진', '스틱인베스트먼트', '케이씨텍', 'LG헬로비전', '제일약품', '일진다이아', '신성이엔지', '삼성제약']"
1004,코스피 소형주,"['249420', '007700', '003280', '007340', '007810', '183190', '008730', '003030', '017960', '007690', '020120', '005390', '025860', '009160', '161000', '004430', '357120', '138250', '037270', '298690', '082740', '058650', '007660', '004890', '092220', '138490', '004690', '075580', '060980', '117580', '126560', '130660', '002310', '001390', '001510', '071320', '016800', '053210', '003620', '002990', '293940', '104700', '003220', '005420', '033240', '009290', '001780', '011690', '000050', '009410', '339770', '016590', '024720', '002270', '091810', '088260', '055490', '002020', '194370', '317400', '005950', '003300', '001470', '001500', '000020', '214330', '077970', '001630', '001520', '005500', '095720', '293480', '004980', '004250', '004700', '072710', '122900', '272550', '017940', '002960', '013580', '002030', '084680', '107590', '016580', '029530', '031440', '002780', '006110', '006490', '001200', '084690', '306200', '030210', '033920', '035510', '077500', '003060', '005960', '000140', '000480', '001940', '005810', '213500', '019680', '037710', '001130', '079430', '006060', '009680', '068290', '096760', '018470', '033180', '044450', '002390', '004090', '007460', '011280', '001460', '058430', '006840', '008350', '000490', '003920', '001070', '003200', '003570', '000680', '322000', '014280', '016610', '009580', '039570', '004380', '007860', '024090', '092230', '095570', '136490', '025000', '029460', '036530', '004560', '012610', '002150', '002710', '002900', '003960', '014160', '016450', '035150', '079980', '002810', '000540', '001790', '002100', '008060', '093230', '003160', '229640', '234080', '028100', '070960', '083420', '006740', '007160', '007210', '010690', '000390', '001270', '002460', '102260', '100250', '101530', '128820', '015860', '001570', '074610', '004830', '005720', '011500', '036580', '214390', '023450', '090350', '004360', '002210', '009810', '011760', '013570', '004710', '092200', '248170', '014790', '015360', '033530', '005680', '003120', '010820', '012800', '000970', '001250', '002620', '009270', '094280', '105840', '267850', '001340', '023800', '004960', '004970', '015890', '200880', '063160', '001750', '008040', '000430', '006220', '103590', '244920', '069460', '078520', '003830', '009070', '009470', '334890', '004140', '102280', '017900', '007280', '008700', '003560', '013360', '000180', '002170', '012030', '000300', '000320', '000860', '002450', '002700', '003780', '004080', '004310', '004540', '006380', '015540', '025820', '089470', '134380', '210540', '282690', '308170', '000700', '007110', '267290', '091090', '120030', '032560', '000220', '123690', '002880', '003460', '003480', '003610', '003650', '004060', '004150', '004440', '004720', '005010', '005430', '006340', '006890', '008970', '009190', '010040', '011150', '011700', '014530', '016880', '017180', '017550', '019440', '034300', '053690', '071970', '092440', '100840', '101140', '000230', '000890', '067830', '003350', '005320', '005740', '007540', '008110', '008250', '008260', '012690', '014580', '024890', '025750', '044820', '047400', '002360', '000520', '264900', '001550', '002630', '002760', '005750', '005870', '006660', '009460', '010960', '011810', '012200', '015230', '016740', '023000', '034590', '134790', '001260', '350520', '380440', '001290', '001560', '002600', '002720', '003720', '004270', '004410', '005800', '006370', '007980', '009200', '014710', '016090', '017040', '023810', '024900', '031820', '035000', '075180', '118000', '119650', '143210', '214420', '000910', '357250', '227840', '001080', '001140', '002410', '004770', '004840', '004910', '006090', '007590', '009180', '009320', '010580', '010600', '011090', '011390', '012160', '013520', '013700', '013870', '015590', '021050', '058850', '078000', '090080', '111110', '129260', '133820', '163560', '000500', '338100', '155660', '001020', '002200', '002220', '004450', '006200', '006980', '008420', '008600', '009440', '010640', '011330', '012170', '026940', '027970', '049800', '051630', '100220', '000650', '000040', '378850', '001380', '002070', '002140', '003010', '003080', '004870', '005360', '010100', '012320', '014440', '014990', '021820', '023350', '023960', '027740', '041650', '058730', '058860', '085310', '092780', '000590', '145270', '123700', '000950', '002870', '002920', '008870', '009310', '009770', '011420', '012280', '014130', '015020', '019180', '023150', '025620', '069730', '071090', '090370', '093240', '109070', '000850', '001620', '002690', '002820', '006570', '006880', '084670', '017370', '020760', '025560', '044380', '072130', '010770', '155900', '069640', '002420', '003680', '004100', '005110', '005820', '007120', '007610', '009140', '010400', '010660', '013000', '014910', '015260', '024070', '025530', '025890', '030720', '000760', '204210', '088790', '001210', '001420', '001770', '004920', '008500', '010420', '011230', '011300', '012600', '018500', '019490', '084870', '153360', '140910', '005030', '145210', '033250', '071950', '030790']","['일동제약', 'F&F홀딩스', '흥아해운', '디티알오토모티브', '코리아써키트', '아세아시멘트', '율촌화학', '세아제강지주', '한국카본', '국도화학', '키다리스튜디오', '신성통상', '남해화학', 'SIMPAC', '애경케미칼', '송원산업', '코람코에너지리츠', '엔에스쇼핑', 'YG PLUS', '에어부산', 'HSD엔진', '세아홀딩스', '이수페타시스', '동일산업', 'KEC', '코오롱플라스틱', '삼천리', '세진중공업', '한라홀딩스', '대성에너지', '현대퓨처넷', '한전산업', '아세아제지', 'KG케미칼', 'SK증권', '지역난방공사', '퍼시스', '스카이라이프', '쌍용차', '금호건설', '신한알파리츠', '한국철강', '대원제약', '코스모화학', '자화전자', '광동제약', '알루코', '와이투솔루션', '경방', '태영건설', '교촌에프앤비', '신대양제지', '한국콜마홀딩스', '롯데푸드', '티웨이항공', '이리츠코크렙', '테이팩스', '코오롱', '제이에스코퍼레이션', '자이에스앤디', '이수화학', '한일홀딩스', '삼부토건', '현대차증권', '동화약품', '금호에이치티', 'STX엔진', '종근당홀딩스', '동양', '삼진제약', '웅진씽크빅', '하나제약', '성신양회', 'NPC', '조광피혁', '농심홀딩스', '아이마켓코리아', '삼양패키징', 'E1', '한국쉘석유', '계룡건설', '아세아', '이월드', '미원홀딩스', '환인제약', '신도리코', '신세계푸드', '진흥기업', '삼아알미늄', '인스코비', '유진투자증권', '대상홀딩스', '세아제강', 'KTB투자증권', '무학', '신세계 I&C', '유니퀘스트', '에이프로젠제약', '동부건설', '하이트진로홀딩스', '조선내화', 'KISCO홀딩스', '풍산홀딩스', '한솔제지', '대교', '광주신세계', '대한제분', '현대리바트', '화승인더', '모토닉', '삼성출판사', 'JW홀딩스', '조일알미늄', 'KH 필룩스', 'KSS해운', '한독', '한국석유', '에이프로젠 MED', '태림포장', 'BYC', '포스코강판', 'AK홀딩스', '남선알미늄', '대동', '남양유업', '대한방직', '일신방직', 'SNT중공업', 'LS네트웍스', '현대에너지솔루션', '금강공업', 'DB금융투자', '무림P&P', 'HDC랩스', '삼익THK', '서연', '디씨엠', 'KPX홀딩스', 'AJ네트웍스', '선진', 'KPX케미칼', '케이씨', 'SNT홀딩스', '현대비앤지스틸', '경인양행', '도화엔지니어링', 'TCC스틸', 'TYM', '사조대림', '대영포장', '한세예스24홀딩스', '백산', '휴비스', '삼영무역', '흥국화재', '대한제당', '경농', '대덕', '이아이디', '디아이', 'LS전선아시아', 'JW생명과학', '동아지질', '용평리조트', '그린케미칼', '영풍제지', '사조산업', '벽산', '화신', '삼화페인트', '부국증권', '화성산업', '동성케미컬', '진양홀딩스', '해태제과식품', '대성산업', '일진홀딩스', '금양', '이엔플러스', '덕성', '넥센', '한농화성', '팜스코', '경보제약', '동남합성', '노루페인트', '세방', '동성제약', '플레이그램', '현대코퍼레이션', '디와이', '한솔테크닉스', '디아이씨', '샘표식품', '한라', '예스코홀딩스', '세종공업', '삼영전자', '일성신약', '퍼스텍', '대창', '한국주철관', 'GS글로벌', '제일파마홀딩스', '신원', '효성ITX', '우진', '아시아나IDT', '백광산업', '인지컨트롤스', '한신공영', '신라교역', '태경산업', '서연이화', '종근당바이오', '한양증권', '사조동아원', '대원강업', '제주은행', '일진전기', '에이플러스에셋', '대호에이엘', '에이블씨엔씨', '대한화섬', 'KCTC', '삼화전기', '이지스밸류리츠', '동방', '쌍방울', '광전자', '한국특강', '아남전자', 'IHQ', '일성건설', '성창기업지주', '삼양통상', 'DB', '대유플러스', '노루홀딩스', '강남제비스코', '삼익악기', '신일전자', '진양산업', '신흥', '현대약품', '깨끗한나라', '카프로', '쎌마테라퓨틱스', '이구산업', 'HDC현대EP', '미원화학', '디와이파워', '동아타이어', '센트랄모텍', '유수홀딩스', '일신석재', '경동도시가스', '세원이앤씨', '조선선재', '황금에스티', '유유제약', '한국화장품', '대유에이텍', '유화증권', '한진중공업홀딩스', '방림', '미창석유', 'SG세계물산', '한솔홀딩스', '삼일씨엔에스', '팜젠사이언스', '휴스틸', '한국공항', '대원전선', '태경케미컬', '동양철관', '대양금속', '한국내화', 'CJ씨푸드', '한신기계', '극동유화', '웅진', '명문제약', '수산중공업', '세아특수강', '신세계건설', '한미글로벌', 'STX중공업', '기신정기', 'SNT에너지', '인바이오젠', '일동홀딩스', '보해양조', '세이브존I&C', '한국화장품제조', '국동', '크라운해태홀딩스', '샘표', '대동전자', '이건산업', 'NI스틸', '모나리자', '태경비케이', '대원화성', '한솔홈데코', '코스맥스비티아이', '유니온머티리얼', 'SH에너지화학', '삼일제약', '크라운제과', '조비', '오리엔트바이오', '보락', '대림B&Co', '휴니드', '삼성공조', '한창제지', '삼호개발', 'STX', '계양전기', '대창단조', '두올', '삼원강재', '인천도시가스', '시디즈', '남광토건', '이지스레지던스리츠', '엔에이치스팩19호', '상상인증권', '제일연마', '조흥', '국제약품', '삼영화학', '남성', '서울식품', '신영와코루', '대구백화점', '태평양물산', '무림페이퍼', '사조씨푸드', '대현', '광명전기', '인팩', '덕양산업', '콤텍시스템', '지투알', '새론오토모티브', '우리들휴브레인', 'KC코트렐', '핸즈코퍼레이션', '토니모리', '유니온', '미래에셋맵스리츠', '현대코퍼레이션홀딩스', '만호제강', '국보', '범양건영', '써니전자', 'DRB동일', '조광페인트', '사조오양', '동방아그로', '한솔로지스틱스', '대우부품', '지코', '웰바이오텍', '에넥스', '부산산업', '영흥', '화승코퍼레이션', '까뮤이앤씨', '지엠비코리아', '큐로', '서원', 'KTcs', '텔코웨어', '평화산업', '호전실업', '인터지스', '화인베스틸', '동일고무벨트', '가온전선', 'NH프라임리츠', 'DSR', '페이퍼코리아', '한국수출포장', '한일철강', '삼화왕관', '한국전자홀딩스', '우성', '문배철강', '윌비스', 'KC그린홀딩스', '진양폴리', '유니켐', '아센디오', '부국철강', '세하', '우진플라임', '진양화학', '비상교육', '천일고속', 'KR모터스', '화승알앤에이', 'SG글로벌', '비비안', '고려산업', '혜인', '성보화학', '티웨이홀딩스', '모나미', '한국프랜지', '경동인베스트', '영보화학', '인디에프', '세원정공', '한국종합기술', '에쓰씨엔지니어링', '마니커', '상신브레이크', '다스코', 'KTis', '엔케이', '동양피스톤', 'CS홀딩스', '케이탑리츠', 'SJM', '전방', '신풍제지', '유성기업', '금비', '참엔지니어링', '삼정펄프', '갤럭시아에스엠', '영화금속', '한익스프레스', '이스타코', '티에이치엔', 'MH에탄올', '제이준코스메틱', 'DSR제강', '하이스틸', '메타랩스', '형지엘리트', '컨버즈', '화천기공', '케이비아이동국실업', '동일제강', 'SUN&L', '대림통상', '신송홀딩스', '동양고속', '우신시스템', '일진디스플', '미래산업', '주연테크', '유엔젤', '평화홀딩스', '바다로19호', '한세엠케이', '세기상사', '한성기업', '태양금속', '한창', '원림', '미래아이앤지', '선도전기', '경인전자', '우진아이엔에스', '화천기계', '세우글로벌', '성문전자', '에이엔피', 'WISCOM', 'SJM홀딩스', '한국주강', '동원수산', '이화산업', '모두투어리츠', '진도', '금호전기', '태원물산', 'SHD', '씨아이테크', '일정실업', '한솔PNS', '삼화전자', '성안', '센트럴인사이트', '동원금속', '하이트론', 'TBH글로벌', '하이골드3호', '에이리츠', '부산주공', '다이나믹디자인', '체시스', '코아스', '비케이탑스']"
1005,음식료품,"['097950', '271560', '000080', '004370', '007310', '005300', '001680', '005610', '280360', '049770', '003230', '017810', '145990', '005180', '002270', '033920', '001130', '003920', '136490', '003960', '001790', '101530', '036580', '248170', '008040', '011150', '000890', '264900', '002600', '004410', '014710', '006090', '006980', '027740', '002140', '023150', '003680']","['CJ제일제당', '오리온', '하이트진로', '농심', '오뚜기', '롯데칠성', '대상', 'SPC삼립', '롯데제과', '동원F&B', '삼양식품', '풀무원', '삼양사', '빙그레', '롯데푸드', '무학', '대한제분', '남양유업', '선진', '사조대림', '대한제당', '해태제과식품', '팜스코', '샘표식품', '사조동아원', 'CJ씨푸드', '보해양조', '크라운제과', '조흥', '서울식품', '사조씨푸드', '사조오양', '우성', '마니커', '고려산업', 'MH에탄올', '한성기업']"
1006,섬유의복,"['383220', '105630', '020000', '093050', '001460', '001070', '003200', '016450', '009270', '102280', '003610', '007980', '005800', '016090', '111110', '002070', '014990', '090370', '093240', '000950', '005820', '011300', '084870', '008500']","['F&F', '한세실업', '한섬', 'LF', 'BYC', '대한방직', '일신방직', '한세예스24홀딩스', '신원', '쌍방울', '방림', '태평양물산', '신영와코루', '대현', '호전실업', '비비안', '인디에프', '메타랩스', '형지엘리트', '전방', '원림', '성안', 'TBH글로벌', '일정실업']"
1007,종이목재,"['002310', '016590', '213500', '011280', '009580', '014160', '006740', '004540', '025750', '008250', '012690', '009460', '009200', '002200', '027970', '001020', '109070', '009770', '002870', '002820']","['아세아제지', '신대양제지', '한솔제지', '태림포장', '무림P&P', '대영포장', '영풍제지', '깨끗한나라', '한솔홈데코', '이건산업', '모나리자', '한창제지', '무림페이퍼', '한국수출포장', '세하', '페이퍼코리아', '컨버즈', '삼정펄프', '신풍제지', 'SUN&L']"
1008,화학,"['051910', '096770', '051900', '090430', '010950', '011170', '009830', '011790', '011780', '161390', '267250', '002790', '002380', '010060', '014680', '000880', '298050', '285130', '298020', '004000', '093370', '014820', '120110', '178920', '073240', '005070', '003240', '006650', '161890', '268280', '192820', '002840', '069260', '298000', '014830', '002350', '008730', '025860', '115390', '007690', '108670', '004430', '018250', '161000', '226320', '008490', '001390', '138490', '005420', '055490', '081000', '005950', '004250', '272550', '002960', '006060', '012610', '079980', '025000', '002100', '092230', '035150', '000390', '005720', '011500', '083420', '100250', '004830', '090350', '023450', '001570', '001340', '015890', '003830', '078520', '000860', '282690', '089470', '003780', '134380', '006380', '006890', '003650', '014530', '003350', '024890', '002360', '004910', '004840', '003720', '002760', '001550', '214420', '010640', '007590', '163560', '051630', '025620', '014440', '003080', '024070']","['LG화학', 'SK이노베이션', 'LG생활건강', '아모레퍼시픽', 'S-Oil', '롯데케미칼', '한화솔루션', 'SKC', '금호석유', '한국타이어앤테크놀로지', '현대중공업지주', '아모레G', 'KCC', 'OCI', '한솔케미칼', '한화', '효성첨단소재', 'SK케미칼', '효성티앤씨', '롯데정밀화학', '후성', '동원시스템즈', '코오롱인더', 'PI첨단소재', '금호타이어', '코스모신소재', '태광산업', '대한유화', '한국콜마', '미원에스씨', '코스맥스', '미원상사', '휴켐스', '효성화학', '유니드', '넥센타이어', '율촌화학', '남해화학', '락앤락', '국도화학', 'LX하우시스', '송원산업', '애경산업', '애경케미칼', '잇츠한불', '서흥', 'KG케미칼', '코오롱플라스틱', '코스모화학', '테이팩스', '일진다이아', '이수화학', 'NPC', '삼양패키징', '한국쉘석유', '화승인더', '경인양행', '휴비스', 'KPX케미칼', '경농', 'KPX홀딩스', '백산', '삼화페인트', '넥센', '한농화성', '그린케미칼', '진양홀딩스', '덕성', '노루페인트', '동남합성', '금양', '백광산업', '태경산업', '대한화섬', '에이블씨엔씨', '강남제비스코', '동아타이어', 'HDC현대EP', '진양산업', '미원화학', '카프로', '태경케미컬', '미창석유', '극동유화', '한국화장품제조', '대원화성', 'SH에너지화학', '조광페인트', 'DRB동일', '삼영화학', '보락', '조비', '토니모리', '진양폴리', '동방아그로', '동일고무벨트', '진양화학', '제이준코스메틱', '영보화학', '성보화학', 'WISCOM']"
1009,의약품,"['207940', '068270', '302440', '000100', '128940', '006280', '019170', '069620', '011000', '249420', '185750', '009420', '003520', '003850', '003000', '033270', '005690', '170900', '001060', '102460', '007570', '003220', '271980', '009290', '000020', '005500', '001630', '293480', '016580', '003060', '002390', '001360', '234080', '002210', '214390', '003120', '063160', '004310', '000230', '000220', '004720', '017180', '000520', '002630', '002720']","['삼성바이오로직스', '셀트리온', 'SK바이오사이언스', '유한양행', '한미약품', '녹십자', '신풍제약', '대웅제약', '진원생명과학', '일동제약', '종근당', '한올바이오파마', '영진약품', '보령제약', '부광약품', '유나이티드제약', '파미셀', '동아에스티', 'JW중외제약', '이연제약', '일양약품', '대원제약', '제일약품', '광동제약', '동화약품', '삼진제약', '종근당홀딩스', '하나제약', '환인제약', '에이프로젠제약', '한독', '삼성제약', 'JW생명과학', '동성제약', '경보제약', '일성신약', '종근당바이오', '현대약품', '일동홀딩스', '유유제약', '팜젠사이언스', '명문제약', '삼일제약', '오리엔트바이오', '국제약품']"
1010,비금속광물,"['003670', '003410', '010780', '300720', '344820', '183190', '006390', '003300', '001520', '004980', '000480', '004090', '007210', '010040', '004440', '047400', '014580', '005750', '001560', '000910', '011390', '004870', '008870']","['포스코케미칼', '쌍용C&E', '아이에스동서', '한일시멘트', 'KCC글라스', '아세아시멘트', '한일현대시멘트', '한일홀딩스', '동양', '성신양회', '조선내화', '한국석유', '벽산', '한국내화', '삼일씨엔에스', '유니온머티리얼', '태경비케이', '대림B&Co', '제일연마', '유니온', '부산산업', '티웨이홀딩스', '금비']"
1011,철강금속,"['005490', '010130', '004020', '001230', '000670', '016380', '103140', '001430', '084010', '002240', '004890', '058650', '139990', '104700', '001780', '006110', '001940', '306200', '058430', '018470', '008350', '024090', '014280', '004560', '002710', '012800', '000970', '069460', '007280', '025820', '032560', '005010', '008970', '019440', '008260', '009190', '133820', '021050', '012160', '001080', '002220', '008420', '026940', '155660', '071090', '069730', '002690', '001770']","['POSCO', '고려아연', '현대제철', '동국제강', '영풍', 'KG동부제철', '풍산', '세아베스틸', '대한제강', '고려제강', '동일산업', '세아홀딩스', '아주스틸', '한국철강', '알루코', '삼아알미늄', 'KISCO홀딩스', '세아제강', '포스코강판', '조일알미늄', '남선알미늄', '디씨엠', '금강공업', '현대비앤지스틸', 'TCC스틸', '대창', '한국주철관', '대호에이엘', '한국특강', '이구산업', '황금에스티', '휴스틸', '동양철관', '세아특수강', 'NI스틸', '대양금속', '화인베스틸', '서원', '영흥', '만호제강', '한일철강', '문배철강', '부국철강', 'DSR', '하이스틸', 'DSR제강', '동일제강', 'SHD']"
1012,기계,"['034020', '018880', '241560', '112610', '042700', '079550', '017800', '042670', '267270', '017960', '009160', '082740', '077970', '007460', '000490', '004380', '002900', '074610', '010820', '210540', '120030', '091090', '017550', '011700', '071970', '100840', '092440', '012200', '119650', '015590', '049800', '004450', '058730', '085310', '000850', '009310', '017370', '006570', '010660', '025890', '012600', '145210']","['두산중공업', '한온시스템', '두산밥캣', '씨에스윈드', '한미반도체', 'LIG넥스원', '현대엘리베이', '현대두산인프라코어', '현대건설기계', '한국카본', 'SIMPAC', 'HSD엔진', 'STX엔진', '에이프로젠 MED', '대동', '삼익THK', 'TYM', '이엔플러스', '퍼스텍', '디와이파워', '조선선재', '세원이앤씨', '수산중공업', '한신기계', 'STX중공업', 'SNT에너지', '기신정기', '계양전기', 'KC코트렐', '큐로', '우진플라임', '삼화왕관', '다스코', '엔케이', '화천기공', '참엔지니어링', '우신시스템', '대림통상', '화천기계', '한국주강', '센트럴인사이트', '다이나믹디자인']"
1013,전기전자,"['005930', '373220', '000660', '006400', '066570', '009150', '361610', '011070', '034220', '020150', '000990', '272210', '336260', '336370', '010120', '001440', '353200', '248070', '004490', '195870', '097520', '007810', '192650', '267260', '007340', '009450', '001820', '025540', '298040', '007660', '092220', '011690', '011930', '033240', '322000', '033180', '029530', '004710', '005680', '008700', '017900', '005870', '006340', '008110', '103590', '009470', '000300', '019490', '019180', '007610', '001210', '000500', '017040', '014910', '004770', '044380', '011230', '015260', '020760', '009140']","['삼성전자', 'LG에너지솔루션', 'SK하이닉스', '삼성SDI', 'LG전자', '삼성전기', 'SK아이이테크놀로지', 'LG이노텍', 'LG디스플레이', '일진머티리얼즈', 'DB하이텍', '한화시스템', '두산퓨얼셀', '솔루스첨단소재', 'LS ELECTRIC', '대한전선', '대덕전자', '솔루엠', '세방전지', '해성디에스', '엠씨넥스', '코리아써키트', '드림텍', '현대일렉트릭', '디티알오토모티브', '경동나비엔', '삼화콘덴서', '한국단자', '효성중공업', '이수페타시스', 'KEC', '와이투솔루션', '신성이엔지', '자화전자', '현대에너지솔루션', 'KH 필룩스', '신도리코', '한솔테크닉스', '삼영전자', '아남전자', '광전자', '휴니드', '대원전선', '대동전자', '일진전기', '삼화전기', '대유플러스', '하이트론', '티에이치엔', '선도전기', '금호전기', '가온전선', '광명전기', '성문전자', '써니전자', '주연테크', '삼화전자', '에이엔피', '일진디스플', '경인전자']"
1014,의료정밀,"['137310', '145720', '281820', '029460', '003160', '105840', '372910', '025560']","['에스디바이오센서', '덴티움', '케이씨텍', '케이씨', '디아이', '우진', '한컴라이프케어', '미래산업']"
1015,운수장비,"['005380', '000270', '012330', '329180', '009540', '010140', '047810', '010620', '042660', '012450', '064350', '204320', '011210', '271940', '009900', '005850', '064960', '075580', '003620', '214330', '003570', '009680', '010690', '092200', '033530', '000430', '023800', '200880', '308170', '002880', '015230', '023000', '006660', '016740', '143210', '009320', '075180', '024900', '023810', '013870', '010580', '013520', '090080', '041650', '021820', '000040', '010100', '378850', '001380', '092780', '002920', '123700', '012280', '001620', '010770', '004100', '001420', '018500', '005030', '033250']","['현대차', '기아', '현대모비스', '현대중공업', '한국조선해양', '삼성중공업', '한국항공우주', '현대미포조선', '대우조선해양', '한화에어로스페이스', '현대로템', '만도', '현대위아', '일진하이솔루스', '명신산업', '에스엘', 'SNT모티브', '세진중공업', '쌍용차', '금호에이치티', 'SNT중공업', '모토닉', '화신', '디아이씨', '세종공업', '대원강업', '인지컨트롤스', '서연이화', '센트랄모텍', '대유에이텍', '대창단조', '삼원강재', '삼성공조', '두올', '핸즈코퍼레이션', '대우부품', '새론오토모티브', '덕양산업', '인팩', '지엠비코리아', '지코', '화승코퍼레이션', '평화산업', '상신브레이크', '세원정공', 'KR모터스', '한국프랜지', '화승알앤에이', 'SG글로벌', '동양피스톤', '유성기업', 'SJM', '영화금속', '케이비아이동국실업', '평화홀딩스', '태양금속', '태원물산', '동원금속', '부산주공', '체시스']"
1016,유통업,"['028260', '139480', '008770', '007070', '282330', '026960', '047050', '004170', '023530', '081660', '111770', '009240', '069960', '381970', '001120', '001740', '031430', '018670', '005440', '057050', '001530', '071840', '005390', '138250', '000050', '339770', '122900', '017940', '077500', '037710', '000680', '002810', '093230', '128820', '011760', '009810', '001250', '002700', '004080', '007110', '101140', '123690', '005320', '004060', '067830', '011810', '004270', '118000', '006370', '227840', '010600', '008600', '005360', '003010', '006880', '025530', '005110', '069640', '000760', '013000', '088790', '010420']","['삼성물산', '이마트', '호텔신라', 'GS리테일', 'BGF리테일', '동서', '포스코인터내셔널', '신세계', '롯데쇼핑', '휠라홀딩스', '영원무역', '한샘', '현대백화점', '케이카', 'LX인터내셔널', 'SK네트웍스', '신세계인터내셔날', 'SK가스', '현대그린푸드', '현대홈쇼핑', 'DI동일', '롯데하이마트', '신성통상', '엔에스쇼핑', '경방', '교촌에프앤비', '아이마켓코리아', 'E1', '유니퀘스트', '광주신세계', 'LS네트웍스', '삼영무역', '이아이디', '대성산업', '현대코퍼레이션', '플레이그램', 'GS글로벌', '신일전자', '신흥', '일신석재', '인바이오젠', '한국화장품', '국동', 'SG세계물산', '세이브존I&C', 'STX', '남성', '우리들휴브레인', '대구백화점', '현대코퍼레이션홀딩스', '웰바이오텍', '윌비스', '모나미', '혜인', '신송홀딩스', 'SJM홀딩스', '한창', '한세엠케이', '이화산업', '세우글로벌', '진도', '한솔PNS']"
1017,전기가스업,"['015760', '036460', '017390', '005090', '004690', '117580', '071320', '267290', '003480', '034590']","['한국전력', '한국가스공사', '서울가스', 'SGC에너지', '삼천리', '대성에너지', '지역난방공사', '경동도시가스', '한진중공업홀딩스', '인천도시가스']"
1018,건설업,"['000720', '006360', '047040', '375500', '051600', '294870', '097230', '001880', '003070', '002990', '009410', '001470', '013580', '002780', '005960', '039570', '028100', '002460', '014790', '004960', '013360', '034300', '010960', '001260', '002410', '013700', '023960', '010400']","['현대건설', 'GS건설', '대우건설', 'DL이앤씨', '한전KPS', 'HDC현대산업개발', 'HJ중공업', 'DL건설', '코오롱글로벌', '금호건설', '태영건설', '삼부토건', '계룡건설', '진흥기업', '동부건설', 'HDC랩스', '동아지질', '화성산업', '한라', '한신공영', '일성건설', '신세계건설', '삼호개발', '남광토건', '범양건영', '까뮤이앤씨', '에쓰씨엔지니어링', '우진아이엔에스']"
1019,운수창고업,"['011200', '003490', '086280', '028670', '180640', '000120', '020560', '089590', '005880', '003280', '272450', '298690', '002320', '091810', '044450', '004360', '004140', '009070', '005430', '001140', '009180', '129260', '000650', '014130', '084670']","['HMM', '대한항공', '현대글로비스', '팬오션', '한진칼', 'CJ대한통운', '아시아나항공', '제주항공', '대한해운', '흥아해운', '진에어', '에어부산', '한진', '티웨이항공', 'KSS해운', '세방', '동방', 'KCTC', '한국공항', '국보', '한솔로지스틱스', '인터지스', '천일고속', '한익스프레스', '동양고속']"
1020,통신업,"['017670', '030200', '032640', '006490']","['SK텔레콤', 'KT', 'LG유플러스', '인스코비']"
1021,금융업,"['105560', '323410', '055550', '377300', '034730', '086790', '032830', '003550', '316140', '000810', '024110', '402340', '088980', '006800', '138040', '000060', '071050', '005830', '008560', '078930', '016360', '029780', '005940', '004990', '008930', '039490', '088350', '001450', '138930', '001040', '004800', '003090', '006260', '175330', '139130', '363280', '000210', '000240', '003690', '007700', '003530', '082640', '003540', '001800', '010050', '383800', '006120', '085620', '000070', '003470', '000640', '009970', '192400', '001720', '003030', '034830', '000400', '027410', '123890', '012630', '030610', '000370', '060980', '001510', '026890', '001500', '024720', '002020', '072710', '001200', '084690', '000140', '107590', '030210', '005810', '096760', '006840', '036530', '000540', '016610', '001270', '007860', '008060', '229640', '015860', '015360', '013570', '001750', '006220', '000320', '244920', '016880', '003460', '044820', '004150', '007540', '005740', '001290', '380440', '009440', '012320', '000590', '006200']","['KB금융', '카카오뱅크', '신한지주', '카카오페이', 'SK', '하나금융지주', '삼성생명', 'LG', '우리금융지주', '삼성화재', '기업은행', 'SK스퀘어', '맥쿼리인프라', '미래에셋증권', '메리츠금융지주', '메리츠화재', '한국금융지주', 'DB손해보험', '메리츠증권', 'GS', '삼성증권', '삼성카드', 'NH투자증권', '롯데지주', '한미사이언스', '키움증권', '한화생명', '현대해상', 'BNK금융지주', 'CJ', '효성', '대웅', 'LS', 'JB금융지주', 'DGB금융지주', '티와이홀딩스', 'DL', '한국앤컴퍼니', '코리안리', 'F&F홀딩스', '한화투자증권', '동양생명', '대신증권', '오리온홀딩스', '우리종금', 'LX홀딩스', 'SK디스커버리', '미래에셋생명', '삼양홀딩스', '유안타증권', '동아쏘시오홀딩스', '영원무역홀딩스', '쿠쿠홀딩스', '신영증권', '세아제강지주', '한국토지신탁', '롯데손해보험', 'BGF', '한국자산신탁', 'HDC', '교보증권', '한화손해보험', '한라홀딩스', 'SK증권', '스틱인베스트먼트', '현대차증권', '한국콜마홀딩스', '코오롱', '농심홀딩스', '유진투자증권', '대상홀딩스', '하이트진로홀딩스', '미원홀딩스', 'KTB투자증권', '풍산홀딩스', 'JW홀딩스', 'AK홀딩스', 'SNT홀딩스', '흥국화재', 'DB금융투자', '부국증권', '서연', '대덕', 'LS전선아시아', '일진홀딩스', '예스코홀딩스', '디와이', '한양증권', '제주은행', '노루홀딩스', '에이플러스에셋', '웅진', '유화증권', '코스맥스비티아이', '한솔홀딩스', '샘표', '크라운해태홀딩스', '상상인증권', '엔에이치스팩19호', 'KC그린홀딩스', '경동인베스트', 'CS홀딩스', '한국전자홀딩스']"
1022,은행,"['323410', '024110', '006220']","['카카오뱅크', '기업은행', '제주은행']"
1024,증권,"['006800', '008560', '016360', '005940', '039490', '003530', '003540', '003470', '001720', '030610', '001510', '001500', '001200', '030210', '016610', '001270', '001750', '003460', '001290']","['미래에셋증권', '메리츠증권', '삼성증권', 'NH투자증권', '키움증권', '한화투자증권', '대신증권', '유안타증권', '신영증권', '교보증권', 'SK증권', '현대차증권', '유진투자증권', 'KTB투자증권', 'DB금융투자', '부국증권', '한양증권', '유화증권', '상상인증권']"
1025,보험,"['032830', '000810', '000060', '005830', '088350', '001450', '003690', '082640', '085620', '000400', '000370', '000540']","['삼성생명', '삼성화재', '메리츠화재', 'DB손해보험', '한화생명', '현대해상', '코리안리', '동양생명', '미래에셋생명', '롯데손해보험', '한화손해보험', '흥국화재']"
1026,서비스업,"['035420', '035720', '259960', '352820', '018260', '036570', '251270', '326030', '035250', '021240', '028050', '052690', '307950', '012750', '030000', '000150', '089860', '012510', '365550', '330590', '181710', '032350', '039130', '079160', '005250', '036420', '214320', '023590', '395400', '192080', '114090', '348950', '284740', '016710', '034120', '210980', '034310', '286940', '020120', '068400', '037270', '357120', '293940', '126560', '053210', '130660', '088260', '037560', '377190', '317400', '002030', '095720', '035510', '031440', '019680', '068290', '404990', '002150', '095570', '102260', '070960', '400760', '002620', '267850', '094280', '003560', '396690', '334890', '000180', '012030', '015540', '000700', '053690', '031820', '035000', '350520', '357250', '338100', '012170', '100220', '078000', '058860', '058850', '011420', '072130', '023350', '015020', '145270', '204210', '153360', '002420', '007120', '155900', '140910', '030790']","['NAVER', '카카오', '크래프톤', '하이브', '삼성에스디에스', '엔씨소프트', '넷마블', 'SK바이오팜', '강원랜드', '코웨이', '삼성엔지니어링', '한전기술', '현대오토에버', '에스원', '제일기획', '두산', '롯데렌탈', '더존비즈온', 'ESR켄달스퀘어리츠', '롯데리츠', 'NHN', '롯데관광개발', '하나투어', 'CJ CGV', '녹십자홀딩스', '제이콘텐트리', '이노션', '다우기술', 'SK리츠', '더블유게임즈', 'GKL', '제이알글로벌리츠', '쿠쿠홈시스', '대성홀딩스', 'SBS', 'SK디앤디', 'NICE', '롯데정보통신', '키다리스튜디오', 'SK렌터카', 'YG PLUS', '코람코에너지리츠', '신한알파리츠', '현대퓨처넷', '스카이라이프', '한전산업', '이리츠코크렙', 'LG헬로비전', '디앤디플랫폼리츠', '자이에스앤디', '아세아', '웅진씽크빅', '신세계 I&C', '신세계푸드', '대교', '삼성출판사', '신한서부티엔디리츠', '도화엔지니어링', 'AJ네트웍스', '동성케미컬', '용평리조트', 'NH올원리츠', '제일파마홀딩스', '아시아나IDT', '효성ITX', 'IHQ', '미래에셋글로벌리츠', '이지스밸류리츠', '성창기업지주', 'DB', '쎌마테라퓨틱스', '유수홀딩스', '한미글로벌', '콤텍시스템', '지투알', '이지스레지던스리츠', '미래에셋맵스리츠', 'NH프라임리츠', '아센디오', '비상교육', '텔코웨어', 'KTis', 'KTcs', '갤럭시아에스엠', '유엔젤', '한국종합기술', '이스타코', '케이탑리츠', '모두투어리츠', '하이골드3호', '세기상사', '미래아이앤지', '바다로19호', '에이리츠', '비케이탑스']"
1027,제조업,"['005930', '373220', '000660', '207940', '051910', '005380', '006400', '000270', '005490', '068270', '012330', '066570', '096770', '051900', '034020', '009150', '033780', '302440', '010130', '090430', '010950', '329180', '003670', '361610', '011070', '011170', '009830', '009540', '034220', '383220', '018880', '137310', '004020', '097950', '010140', '011790', '011780', '020150', '000100', '267250', '161390', '003410', '002790', '241560', '047810', '271560', '010620', '128940', '000990', '272210', '002380', '012450', '042660', '112610', '336260', '010060', '000080', '014680', '000880', '298050', '285130', '298020', '006280', '204320', '064350', '004000', '019170', '336370', '004370', '093370', '069620', '011210', '010780', '014820', '017800', '042700', '007310', '120110', '001230', '079550', '005300', '271940', '300720', '042670', '011000', '010120', '178920', '353200', '013890', '073240', '185750', '249420', '000670', '001440', '005850', '009900', '016380', '161890', '006650', '003240', '005070', '248070', '268280', '298000', '344820', '069260', '103140', '105630', '009420', '195870', '241590', '002840', '003520', '004490', '192820', '014830', '020000', '097520', '005610', '001680', '003000', '003850', '145720', '267260', '009450', '280360', '017810', '025540', '033270', '049770', '064960', '084010', '183190', '192650', '001430', '002350', '003230', '005690', '007340', '007810', '267270', '298040', '009160', '018250', '025860', '093050', '102460', '108670', '115390', '145990', '161000', '170900', '226320', '001060', '001820', '002240', '004430', '005180', '006390', '007570', '007690', '008730', '017960', '000020', '001390', '001520', '001630', '001780', '002270', '002310', '003220', '003300', '003620', '004890', '004980', '005420', '005500', '005950', '007660', '008490', '009290', '011690', '011930', '016590', '016800', '033240', '055490', '058650', '075580', '077970', '081000', '082740', '092220', '104700', '138490', '139990', '194370', '214330', '271980', '281820', '293480', '074610', '079430', '079980', '083420', '084680', '090350', '092200', '092230', '100250', '101530', '105840', '136490', '213500', '214390', '234080', '248170', '272550', '306200', '322000', '012610', '012800', '014160', '014280', '016450', '016580', '018470', '023450', '024090', '025000', '029460', '029530', '033180', '033530', '033920', '035150', '036580', '058430', '004380', '004560', '004700', '004710', '004830', '005680', '005720', '006060', '006110', '006740', '007210', '007460', '008350', '009270', '009580', '009680', '010690', '010820', '011280', '011500', '000390', '000480', '000490', '000970', '001070', '001130', '001360', '001460', '001570', '001790', '001940', '002100', '002210', '002390', '002710', '002900', '002960', '003060', '003120', '003160', '003200', '003570', '003920', '003960', '004090', '004250', '000850', '000860', '000890', '000910', '001020', '001080', '001340', '001380', '001550', '001560', '002070', '002140', '002170', '002200', '002220', '002360', '002450', '002600', '002630', '002720', '002760', '002870', '002880', '002920', '003080', '003350', '003610', '003650', '003720', '003780', '003830', '025820', '026940', '027740', '027970', '032560', '041650', '047400', '049800', '051630', '058730', '063160', '069460', '069730', '004310', '004410', '004440', '004450', '004540', '004720', '004770', '004840', '004870', '004910', '005010', '005750', '005800', '005870', '006090', '006340', '006380', '006660', '006890', '006980', '007280', '007590', '007980', '008040', '008110', '008250', '008260', '008420', '008700', '008970', '009190', '009200', '009320', '009460', '009470', '009770', '010040', '010100', '010580', '010640', '011090', '011150', '011330', '011390', '000040', '000220', '000230', '000300', '000430', '000500', '000520', '071090', '071970', '075180', '078520', '085310', '089470', '090080', '091090', '092440', '092780', '100840', '102280', '103590', '109070', '111110', '119650', '120030', '133820', '134380', '134790', '143210', '155660', '163560', '200880', '210540', '214420', '264900', '282690', '308170', '372910', '378850', '011700', '012160', '012200', '012280', '012690', '013520', '013870', '014440', '014530', '014580', '014710', '014990', '015230', '015590', '015890', '016090', '016740', '017040', '017180', '017550', '017900', '019180', '019440', '021050', '021820', '023000', '023150', '023800', '023810', '024890', '024900', '025620', '025750', '000950', '145210', '001420', '001620', '001770', '002690', '002820', '003680', '004100', '004920', '005030', '005820', '006570', '007610', '008500', '008870', '009140', '009310', '010660', '010770', '011230', '011300', '012600', '014910', '015260', '017370', '018500', '019490', '020760', '024070', '025560', '025890', '033250', '044380', '071950', '084870', '090370', '093240', '123700', '001210']","['삼성전자', 'LG에너지솔루션', 'SK하이닉스', '삼성바이오로직스', 'LG화학', '현대차', '삼성SDI', '기아', 'POSCO', '셀트리온', '현대모비스', 'LG전자', 'SK이노베이션', 'LG생활건강', '두산중공업', '삼성전기', 'KT&G', 'SK바이오사이언스', '고려아연', '아모레퍼시픽', 'S-Oil', '현대중공업', '포스코케미칼', 'SK아이이테크놀로지', 'LG이노텍', '롯데케미칼', '한화솔루션', '한국조선해양', 'LG디스플레이', 'F&F', '한온시스템', '에스디바이오센서', '현대제철', 'CJ제일제당', '삼성중공업', 'SKC', '금호석유', '일진머티리얼즈', '유한양행', '현대중공업지주', '한국타이어앤테크놀로지', '쌍용C&E', '아모레G', '두산밥캣', '한국항공우주', '오리온', '현대미포조선', '한미약품', 'DB하이텍', '한화시스템', 'KCC', '한화에어로스페이스', '대우조선해양', '씨에스윈드', '두산퓨얼셀', 'OCI', '하이트진로', '한솔케미칼', '한화', '효성첨단소재', 'SK케미칼', '효성티앤씨', '녹십자', '만도', '현대로템', '롯데정밀화학', '신풍제약', '솔루스첨단소재', '농심', '후성', '대웅제약', '현대위아', '아이에스동서', '동원시스템즈', '현대엘리베이', '한미반도체', '오뚜기', '코오롱인더', '동국제강', 'LIG넥스원', '롯데칠성', '일진하이솔루스', '한일시멘트', '현대두산인프라코어', '진원생명과학', 'LS ELECTRIC', 'PI첨단소재', '대덕전자', '지누스', '금호타이어', '종근당', '일동제약', '영풍', '대한전선', '에스엘', '명신산업', 'KG동부제철', '한국콜마', '대한유화', '태광산업', '코스모신소재', '솔루엠', '미원에스씨', '효성화학', 'KCC글라스', '휴켐스', '풍산', '한세실업', '한올바이오파마', '해성디에스', '화승엔터프라이즈', '미원상사', '영진약품', '세방전지', '코스맥스', '유니드', '한섬', '엠씨넥스', 'SPC삼립', '대상', '부광약품', '보령제약', '덴티움', '현대일렉트릭', '경동나비엔', '롯데제과', '풀무원', '한국단자', '유나이티드제약', '동원F&B', 'SNT모티브', '대한제강', '아세아시멘트', '드림텍', '세아베스틸', '넥센타이어', '삼양식품', '파미셀', '디티알오토모티브', '코리아써키트', '현대건설기계', '효성중공업', 'SIMPAC', '애경산업', '남해화학', 'LF', '이연제약', 'LX하우시스', '락앤락', '삼양사', '애경케미칼', '동아에스티', '잇츠한불', 'JW중외제약', '삼화콘덴서', '고려제강', '송원산업', '빙그레', '한일현대시멘트', '일양약품', '국도화학', '율촌화학', '한국카본', '동화약품', 'KG케미칼', '동양', '종근당홀딩스', '알루코', '롯데푸드', '아세아제지', '대원제약', '한일홀딩스', '쌍용차', '동일산업', '성신양회', '코스모화학', '삼진제약', '이수화학', '이수페타시스', '서흥', '광동제약', '와이투솔루션', '신성이엔지', '신대양제지', '퍼시스', '자화전자', '테이팩스', '세아홀딩스', '세진중공업', 'STX엔진', '일진다이아', 'HSD엔진', 'KEC', '한국철강', '코오롱플라스틱', '아주스틸', '제이에스코퍼레이션', '금호에이치티', '제일약품', '케이씨텍', '하나제약', '이엔플러스', '현대리바트', '휴비스', '그린케미칼', '이월드', '노루페인트', '디아이씨', 'KPX홀딩스', '진양홀딩스', '해태제과식품', '우진', '선진', '한솔제지', '경보제약', 'JW생명과학', '샘표식품', '삼양패키징', '세아제강', '현대에너지솔루션', '경인양행', '대창', '대영포장', '금강공업', '한세예스24홀딩스', '환인제약', '조일알미늄', '동남합성', '디씨엠', 'KPX케미칼', '케이씨', '신도리코', 'KH 필룩스', '세종공업', '무학', '백산', '팜스코', '포스코강판', '삼익THK', '현대비앤지스틸', '조광피혁', '한솔테크닉스', '덕성', '삼영전자', '넥센', '화승인더', '삼아알미늄', '영풍제지', '벽산', '에이프로젠 MED', '남선알미늄', '신원', '무림P&P', '모토닉', '화신', '퍼스텍', '태림포장', '한농화성', '삼화페인트', '조선내화', '대동', '한국주철관', '대한방직', '대한제분', '삼성제약', 'BYC', '금양', '대한제당', 'KISCO홀딩스', '경농', '동성제약', '한독', 'TCC스틸', 'TYM', '한국쉘석유', '에이프로젠제약', '일성신약', '디아이', '일신방직', 'SNT중공업', '남양유업', '사조대림', '한국석유', 'NPC', '화천기공', '강남제비스코', '보해양조', '유니온', '페이퍼코리아', '만호제강', '백광산업', 'SG글로벌', '조비', '제일연마', '비비안', '고려산업', '삼양통상', '한국수출포장', '한일철강', 'SH에너지화학', '삼익악기', '조흥', '오리엔트바이오', '국제약품', '보락', '신풍제지', '대유에이텍', '유성기업', '성보화학', '한국화장품제조', '방림', '미창석유', '삼영화학', '진양산업', '대한화섬', '이구산업', '부국철강', '마니커', '세하', '황금에스티', '상신브레이크', '유니온머티리얼', '우진플라임', '진양화학', '다스코', '종근당바이오', '대호에이엘', 'DSR제강', '현대약품', '서울식품', '삼일씨엔에스', '삼화왕관', '깨끗한나라', '팜젠사이언스', '써니전자', 'DRB동일', '티웨이홀딩스', '조광페인트', '휴스틸', '대림B&Co', '신영와코루', '휴니드', '사조오양', '대원전선', '카프로', '삼성공조', '태경케미컬', '우성', '한국특강', '동방아그로', '태평양물산', '사조동아원', '대동전자', '이건산업', 'NI스틸', '문배철강', '아남전자', '동양철관', '대양금속', '무림페이퍼', '대우부품', '한창제지', '삼화전기', '삼정펄프', '한국내화', '한국프랜지', '지코', '진양폴리', '에넥스', 'CJ씨푸드', '유니켐', '부산산업', 'KR모터스', '유유제약', '일동홀딩스', '대유플러스', '대원강업', '가온전선', '삼일제약', '하이스틸', 'STX중공업', '새론오토모티브', '에이블씨엔씨', '엔케이', 'HDC현대EP', '평화산업', '세원이앤씨', '기신정기', '동양피스톤', 'SNT에너지', '쌍방울', '일진전기', '컨버즈', '호전실업', 'KC코트렐', '조선선재', '화인베스틸', '미원화학', '시디즈', '핸즈코퍼레이션', 'DSR', '동일고무벨트', '서연이화', '디와이파워', '토니모리', '크라운제과', '동아타이어', '센트랄모텍', '한컴라이프케어', '화승알앤에이', '한신기계', '영흥', '계양전기', '영화금속', '모나리자', '화승코퍼레이션', '지엠비코리아', '영보화학', '극동유화', '태경비케이', '사조씨푸드', '인디에프', '대창단조', '큐로', '태경산업', '대현', '두올', '광명전기', '명문제약', '수산중공업', '광전자', '티에이치엔', '세아특수강', '서원', '세원정공', '삼원강재', 'MH에탄올', '인지컨트롤스', '인팩', '대원화성', '덕양산업', '제이준코스메틱', '한솔홈데코', '전방', '다이나믹디자인', '태원물산', '케이비아이동국실업', 'SHD', '동일제강', 'SUN&L', '한성기업', '태양금속', '씨아이테크', '부산주공', '원림', '대림통상', '선도전기', '일정실업', '금비', '경인전자', '참엔지니어링', '화천기계', '평화홀딩스', '삼화전자', '성안', '센트럴인사이트', '성문전자', '에이엔피', '우신시스템', '동원금속', '하이트론', '일진디스플', 'WISCOM', '미래산업', '한국주강', '체시스', '주연테크', '코아스', 'TBH글로벌', '메타랩스', '형지엘리트', 'SJM', '금호전기']"
1028,코스피 200,"['005930', '000660', '035420', '207940', '035720', '051910', '005380', '006400', '000270', '005490', '105560', '323410', '068270', '012330', '028260', '066570', '055550', '096770', '377300', '011200', '034730', '015760', '051900', '086790', '259960', '034020', '017670', '009150', '032830', '003550', '352820', '033780', '302440', '090430', '018260', '010130', '316140', '010950', '329180', '003490', '036570', '003670', '000810', '251270', '030200', '361610', '011070', '024110', '402340', '011170', '009830', '086280', '034220', '009540', '326030', '018880', '035250', '032640', '004020', '097950', '006800', '010140', '021240', '011790', '028050', '000720', '011780', '138040', '071050', '161390', '267250', '036460', '005830', '020150', '000100', '002790', '008560', '003410', '047810', '078930', '139480', '028670', '006360', '016360', '241560', '029780', '052690', '005940', '271560', '180640', '010620', '128940', '272210', '008770', '004990', '000990', '000120', '002380', '008930', '042660', '047040', '039490', '282330', '012750', '012450', '112610', '007070', '026960', '030000', '010060', '004170', '000080', '375500', '336260', '047050', '088350', '001040', '001450', '014680', '023530', '138930', '000880', '006280', '298050', '204320', '285130', '064350', '000150', '298020', '081660', '019170', '004000', '004370', '009240', '111770', '069960', '093370', '069620', '001230', '003090', '004800', '051600', '011210', '014820', '010780', '006260', '007310', '120110', '079550', '017800', '005300', '042670', '020560', '010120', '000210', '000240', '000670', '001120', '001440', '005850', '294870', '013890', '032350', '073240', '178920', '185750', '009900', '001740', '003240', '005250', '006650', '009420', '241590', '031430', '079160', '103140', '161890', '192820', '016380', '001800', '003000', '003520', '003850', '004490', '005440', '284740', '020000', '069260', '105630', '114090', '192080', '006040', '000070', '001680', '002350', '192400', '049770', '057050', '064960', '006120']","['삼성전자', 'SK하이닉스', 'NAVER', '삼성바이오로직스', '카카오', 'LG화학', '현대차', '삼성SDI', '기아', 'POSCO', 'KB금융', '카카오뱅크', '셀트리온', '현대모비스', '삼성물산', 'LG전자', '신한지주', 'SK이노베이션', '카카오페이', 'HMM', 'SK', '한국전력', 'LG생활건강', '하나금융지주', '크래프톤', '두산중공업', 'SK텔레콤', '삼성전기', '삼성생명', 'LG', '하이브', 'KT&G', 'SK바이오사이언스', '아모레퍼시픽', '삼성에스디에스', '고려아연', '우리금융지주', 'S-Oil', '현대중공업', '대한항공', '엔씨소프트', '포스코케미칼', '삼성화재', '넷마블', 'KT', 'SK아이이테크놀로지', 'LG이노텍', '기업은행', 'SK스퀘어', '롯데케미칼', '한화솔루션', '현대글로비스', 'LG디스플레이', '한국조선해양', 'SK바이오팜', '한온시스템', '강원랜드', 'LG유플러스', '현대제철', 'CJ제일제당', '미래에셋증권', '삼성중공업', '코웨이', 'SKC', '삼성엔지니어링', '현대건설', '금호석유', '메리츠금융지주', '한국금융지주', '한국타이어앤테크놀로지', '현대중공업지주', '한국가스공사', 'DB손해보험', '일진머티리얼즈', '유한양행', '아모레G', '메리츠증권', '쌍용C&E', '한국항공우주', 'GS', '이마트', '팬오션', 'GS건설', '삼성증권', '두산밥캣', '삼성카드', '한전기술', 'NH투자증권', '오리온', '한진칼', '현대미포조선', '한미약품', '한화시스템', '호텔신라', '롯데지주', 'DB하이텍', 'CJ대한통운', 'KCC', '한미사이언스', '대우조선해양', '대우건설', '키움증권', 'BGF리테일', '에스원', '한화에어로스페이스', '씨에스윈드', 'GS리테일', '동서', '제일기획', 'OCI', '신세계', '하이트진로', 'DL이앤씨', '두산퓨얼셀', '포스코인터내셔널', '한화생명', 'CJ', '현대해상', '한솔케미칼', '롯데쇼핑', 'BNK금융지주', '한화', '녹십자', '효성첨단소재', '만도', 'SK케미칼', '현대로템', '두산', '효성티앤씨', '휠라홀딩스', '신풍제약', '롯데정밀화학', '농심', '한샘', '영원무역', '현대백화점', '후성', '대웅제약', '동국제강', '대웅', '효성', '한전KPS', '현대위아', '동원시스템즈', '아이에스동서', 'LS', '오뚜기', '코오롱인더', 'LIG넥스원', '현대엘리베이', '롯데칠성', '현대두산인프라코어', '아시아나항공', 'LS ELECTRIC', 'DL', '한국앤컴퍼니', '영풍', 'LX인터내셔널', '대한전선', '에스엘', 'HDC현대산업개발', '지누스', '롯데관광개발', '금호타이어', 'PI첨단소재', '종근당', '명신산업', 'SK네트웍스', '태광산업', '녹십자홀딩스', '대한유화', '한올바이오파마', '화승엔터프라이즈', '신세계인터내셔날', 'CJ CGV', '풍산', '한국콜마', '코스맥스', 'KG동부제철', '오리온홀딩스', '부광약품', '영진약품', '보령제약', '세방전지', '현대그린푸드', '쿠쿠홈시스', '한섬', '휴켐스', '한세실업', 'GKL', '더블유게임즈', '동원산업', '삼양홀딩스', '대상', '넥센타이어', '쿠쿠홀딩스', '동원F&B', '현대홈쇼핑', 'SNT모티브', 'SK디스커버리']"
1034,코스피 100,"['005930', '000660', '035420', '207940', '035720', '051910', '005380', '006400', '000270', '005490', '105560', '323410', '068270', '012330', '028260', '066570', '055550', '096770', '377300', '011200', '034730', '015760', '051900', '086790', '259960', '034020', '017670', '009150', '032830', '003550', '352820', '302440', '033780', '010130', '018260', '090430', '316140', '329180', '010950', '003490', '036570', '003670', '000810', '251270', '361610', '030200', '011070', '024110', '011170', '009830', '326030', '009540', '034220', '086280', '018880', '032640', '035250', '097950', '004020', '010140', '006800', '021240', '011790', '028050', '000720', '011780', '071050', '000100', '036460', '161390', '267250', '005830', '078930', '002790', '003410', '139480', '241560', '047810', '029780', '016360', '006360', '271560', '180640', '005940', '128940', '008770', '004990', '008930', '000120', '042660', '012750', '007070', '282330', '004170', '030000', '023530', '001040', '285130', '081660', '019170']","['삼성전자', 'SK하이닉스', 'NAVER', '삼성바이오로직스', '카카오', 'LG화학', '현대차', '삼성SDI', '기아', 'POSCO', 'KB금융', '카카오뱅크', '셀트리온', '현대모비스', '삼성물산', 'LG전자', '신한지주', 'SK이노베이션', '카카오페이', 'HMM', 'SK', '한국전력', 'LG생활건강', '하나금융지주', '크래프톤', '두산중공업', 'SK텔레콤', '삼성전기', '삼성생명', 'LG', '하이브', 'SK바이오사이언스', 'KT&G', '고려아연', '삼성에스디에스', '아모레퍼시픽', '우리금융지주', '현대중공업', 'S-Oil', '대한항공', '엔씨소프트', '포스코케미칼', '삼성화재', '넷마블', 'SK아이이테크놀로지', 'KT', 'LG이노텍', '기업은행', '롯데케미칼', '한화솔루션', 'SK바이오팜', '한국조선해양', 'LG디스플레이', '현대글로비스', '한온시스템', 'LG유플러스', '강원랜드', 'CJ제일제당', '현대제철', '삼성중공업', '미래에셋증권', '코웨이', 'SKC', '삼성엔지니어링', '현대건설', '금호석유', '한국금융지주', '유한양행', '한국가스공사', '한국타이어앤테크놀로지', '현대중공업지주', 'DB손해보험', 'GS', '아모레G', '쌍용C&E', '이마트', '두산밥캣', '한국항공우주', '삼성카드', '삼성증권', 'GS건설', '오리온', '한진칼', 'NH투자증권', '한미약품', '호텔신라', '롯데지주', '한미사이언스', 'CJ대한통운', '대우조선해양', '에스원', 'GS리테일', 'BGF리테일', '신세계', '제일기획', '롯데쇼핑', 'CJ', 'SK케미칼', '휠라홀딩스', '신풍제약']"
1035,코스피 50,"['005930', '000660', '035420', '207940', '035720', '051910', '005380', '006400', '000270', '005490', '105560', '323410', '068270', '012330', '028260', '066570', '055550', '096770', '377300', '034730', '015760', '051900', '086790', '259960', '009150', '017670', '032830', '003550', '352820', '302440', '033780', '090430', '018260', '010130', '316140', '010950', '036570', '000810', '003670', '361610', '251270', '030200', '024110', '011170', '086280', '326030', '034220', '009540', '018880', '032640']","['삼성전자', 'SK하이닉스', 'NAVER', '삼성바이오로직스', '카카오', 'LG화학', '현대차', '삼성SDI', '기아', 'POSCO', 'KB금융', '카카오뱅크', '셀트리온', '현대모비스', '삼성물산', 'LG전자', '신한지주', 'SK이노베이션', '카카오페이', 'SK', '한국전력', 'LG생활건강', '하나금융지주', '크래프톤', '삼성전기', 'SK텔레콤', '삼성생명', 'LG', '하이브', 'SK바이오사이언스', 'KT&G', '아모레퍼시픽', '삼성에스디에스', '고려아연', '우리금융지주', 'S-Oil', '엔씨소프트', '삼성화재', '포스코케미칼', 'SK아이이테크놀로지', '넷마블', 'KT', '기업은행', '롯데케미칼', '현대글로비스', 'SK바이오팜', 'LG디스플레이', '한국조선해양', '한온시스템', 'LG유플러스']"
1150,코스피 200 커뮤니케이션서비스,"['035420', '035720', '259960', '017670', '352820', '036570', '251270', '030200', '032640', '030000', '079160']","['NAVER', '카카오', '크래프톤', 'SK텔레콤', '하이브', '엔씨소프트', '넷마블', 'KT', 'LG유플러스', '제일기획', 'CJ CGV']"
1151,코스피 200 건설,"['003670', '000720', '028050', '003410', '006360', '052690', '047040', '375500', '010780', '000210', '294870']","['포스코케미칼', '현대건설', '삼성엔지니어링', '쌍용C&E', 'GS건설', '한전기술', '대우건설', 'DL이앤씨', '아이에스동서', 'DL', 'HDC현대산업개발']"
1152,코스피 200 중공업,"['034020', '329180', '009540', '010140', '267250', '241560', '010620', '042660', '112610', '064350', '000150', '017800', '042670']","['두산중공업', '현대중공업', '한국조선해양', '삼성중공업', '현대중공업지주', '두산밥캣', '현대미포조선', '대우조선해양', '씨에스윈드', '현대로템', '두산', '현대엘리베이', '현대두산인프라코어']"
1153,코스피 200 철강/소재,"['005490', '010130', '004020', '014820', '001230', '000670', '016380', '103140']","['POSCO', '고려아연', '현대제철', '동원시스템즈', '동국제강', '영풍', 'KG동부제철', '풍산']"
1154,코스피 200 에너지/화학,"['051910', '096770', '034730', '010950', '361610', '011170', '009830', '011790', '011780', '078930', '002380', '010060', '014680', '000880', '298050', '285130', '298020', '004000', '093370', '004800', '120110', '178920', '003240', '006650', '069260', '006120']","['LG화학', 'SK이노베이션', 'SK', 'S-Oil', 'SK아이이테크놀로지', '롯데케미칼', '한화솔루션', 'SKC', '금호석유', 'GS', 'KCC', 'OCI', '한솔케미칼', '한화', '효성첨단소재', 'SK케미칼', '효성티앤씨', '롯데정밀화학', '후성', '효성', '코오롱인더', 'PI첨단소재', '태광산업', '대한유화', '휴켐스', 'SK디스커버리']"
1155,코스피 200 정보기술,"['005930', '000660', '006400', '066570', '377300', '009150', '003550', '018260', '011070', '402340', '034220', '020150', '000990']","['삼성전자', 'SK하이닉스', '삼성SDI', 'LG전자', '카카오페이', '삼성전기', 'LG', '삼성에스디에스', 'LG이노텍', 'SK스퀘어', 'LG디스플레이', '일진머티리얼즈', 'DB하이텍']"
1156,코스피 200 금융,"['105560', '323410', '055550', '086790', '032830', '316140', '000810', '024110', '006800', '138040', '071050', '005830', '008560', '016360', '029780', '005940', '039490', '088350', '001450', '138930']","['KB금융', '카카오뱅크', '신한지주', '하나금융지주', '삼성생명', '우리금융지주', '삼성화재', '기업은행', '미래에셋증권', '메리츠금융지주', '한국금융지주', 'DB손해보험', '메리츠증권', '삼성증권', '삼성카드', 'NH투자증권', '키움증권', '한화생명', '현대해상', 'BNK금융지주']"
1157,코스피 200 생활소비재,"['015760', '051900', '033780', '090430', '097950', '036460', '002790', '139480', '271560', '004990', '007070', '282330', '026960', '000080', '001040', '004370', '007310', '005300', '161890', '192820', '001800', '005440', '006040', '001680', '000070', '049770']","['한국전력', 'LG생활건강', 'KT&G', '아모레퍼시픽', 'CJ제일제당', '한국가스공사', '아모레G', '이마트', '오리온', '롯데지주', 'GS리테일', 'BGF리테일', '동서', '하이트진로', 'CJ', '농심', '오뚜기', '롯데칠성', '한국콜마', '코스맥스', '오리온홀딩스', '현대그린푸드', '동원산업', '대상', '삼양홀딩스', '동원F&B']"
1158,코스피 200 경기소비재,"['005380', '000270', '012330', '018880', '035250', '021240', '161390', '008770', '004170', '023530', '204320', '081660', '009240', '111770', '069960', '011210', '009900', '000240', '032350', '005850', '013890', '073240', '031430', '241590', '004490', '192080', '105630', '114090', '020000', '284740', '057050', '064960', '192400', '002350']","['현대차', '기아', '현대모비스', '한온시스템', '강원랜드', '코웨이', '한국타이어앤테크놀로지', '호텔신라', '신세계', '롯데쇼핑', '만도', '휠라홀딩스', '한샘', '영원무역', '현대백화점', '현대위아', '명신산업', '한국앤컴퍼니', '롯데관광개발', '에스엘', '지누스', '금호타이어', '신세계인터내셔날', '화승엔터프라이즈', '세방전지', '더블유게임즈', '한세실업', 'GKL', '한섬', '쿠쿠홈시스', '현대홈쇼핑', 'SNT모티브', '쿠쿠홀딩스', '넥센타이어']"
1159,코스피 200 산업재,"['028260', '011200', '003490', '086280', '028670', '047810', '180640', '272210', '000120', '012450', '012750', '047050', '336260', '051600', '079550', '006260', '020560', '010120', '001440', '001120', '001740']","['삼성물산', 'HMM', '대한항공', '현대글로비스', '팬오션', '한국항공우주', '한진칼', '한화시스템', 'CJ대한통운', '한화에어로스페이스', '에스원', '포스코인터내셔널', '두산퓨얼셀', '한전KPS', 'LIG넥스원', 'LS', '아시아나항공', 'LS ELECTRIC', '대한전선', 'LX인터내셔널', 'SK네트웍스']"
1160,코스피 200 헬스케어,"['207940', '068270', '302440', '326030', '000100', '128940', '008930', '006280', '019170', '069620', '003090', '185750', '005250', '009420', '003520', '003850', '003000']","['삼성바이오로직스', '셀트리온', 'SK바이오사이언스', 'SK바이오팜', '유한양행', '한미약품', '한미사이언스', '녹십자', '신풍제약', '대웅제약', '대웅', '종근당', '녹십자홀딩스', '한올바이오파마', '영진약품', '보령제약', '부광약품']"
1167,코스피 200 중소형주,"['402340', '138040', '020150', '008560', '028670', '052690', '010620', '272210', '000990', '002380', '047040', '012450', '112610', '039490', '026960', '047050', '010060', '088350', '336260', '000080', '375500', '138930', '001450', '014680', '000880', '298050', '064350', '006280', '204320', '298020', '000150', '004000', '069620', '093370', '004370', '009240', '111770', '069960', '004800', '003090', '051600', '010780', '011210', '001230', '120110', '014820', '006260', '079550', '007310', '017800', '005300', '042670', '020560', '010120', '178920', '000240', '000210', '009900', '032350', '000670', '001440', '001120', '294870', '005850', '185750', '013890', '073240', '003240', '001740', '016380', '031430', '079160', '005250', '006650', '161890', '241590', '009420', '192820', '103140', '004490', '003520', '192080', '069260', '114090', '105630', '003850', '020000', '001800', '003000', '284740', '005440', '001680', '006040', '006120', '000070', '057050', '049770', '192400', '064960', '002350']","['SK스퀘어', '메리츠금융지주', '일진머티리얼즈', '메리츠증권', '팬오션', '한전기술', '현대미포조선', '한화시스템', 'DB하이텍', 'KCC', '대우건설', '한화에어로스페이스', '씨에스윈드', '키움증권', '동서', '포스코인터내셔널', 'OCI', '한화생명', '두산퓨얼셀', '하이트진로', 'DL이앤씨', 'BNK금융지주', '현대해상', '한솔케미칼', '한화', '효성첨단소재', '현대로템', '녹십자', '만도', '효성티앤씨', '두산', '롯데정밀화학', '대웅제약', '후성', '농심', '한샘', '영원무역', '현대백화점', '효성', '대웅', '한전KPS', '아이에스동서', '현대위아', '동국제강', '코오롱인더', '동원시스템즈', 'LS', 'LIG넥스원', '오뚜기', '현대엘리베이', '롯데칠성', '현대두산인프라코어', '아시아나항공', 'LS ELECTRIC', 'PI첨단소재', '한국앤컴퍼니', 'DL', '명신산업', '롯데관광개발', '영풍', '대한전선', 'LX인터내셔널', 'HDC현대산업개발', '에스엘', '종근당', '지누스', '금호타이어', '태광산업', 'SK네트웍스', 'KG동부제철', '신세계인터내셔날', 'CJ CGV', '녹십자홀딩스', '대한유화', '한국콜마', '화승엔터프라이즈', '한올바이오파마', '코스맥스', '풍산', '세방전지', '영진약품', '더블유게임즈', '휴켐스', 'GKL', '한세실업', '보령제약', '한섬', '오리온홀딩스', '부광약품', '쿠쿠홈시스', '현대그린푸드', '대상', '동원산업', 'SK디스커버리', '삼양홀딩스', '현대홈쇼핑', '동원F&B', '쿠쿠홀딩스', 'SNT모티브', '넥센타이어']"
1182,코스피 200 초대형제외 지수,"['000660', '035420', '207940', '035720', '051910', '005380', '006400', '000270', '005490', '105560', '068270', '323410', '012330', '028260', '066570', '055550', '096770', '377300', '011200', '034730', '015760', '051900', '086790', '259960', '034020', '017670', '009150', '032830', '003550', '352820', '302440', '033780', '018260', '090430', '010130', '329180', '316140', '010950', '003490', '036570', '003670', '000810', '251270', '361610', '030200', '011070', '024110', '402340', '011170', '009830', '326030', '009540', '086280', '034220', '018880', '032640', '035250', '097950', '004020', '006800', '010140', '011790', '021240', '028050', '000720', '011780', '138040', '071050', '000100', '005830', '267250', '036460', '161390', '020150', '008560', '002790', '078930', '003410', '006360', '016360', '241560', '047810', '139480', '028670', '029780', '052690', '271560', '180640', '005940', '128940', '010620', '004990', '272210', '008770', '000120', '008930', '000990', '002380', '047040', '042660', '012450', '007070', '012750', '282330', '112610', '039490', '004170', '010060', '088350', '030000', '047050', '026960', '000080', '001450', '014680', '375500', '138930', '336260', '023530', '001040', '000880', '006280', '064350', '298050', '285130', '204320', '000150', '298020', '081660', '004000', '069620', '019170', '003090', '004370', '004800', '111770', '051600', '069960', '093370', '009240', '001230', '006260', '120110', '011210', '014820', '010780', '007310', '079550', '017800', '042670', '005300', '000210', '000240', '009900', '178920', '020560', '032350', '010120', '000670', '001120', '001440', '001740', '294870', '005850', '013890', '073240', '185750', '003240', '005250', '006650', '009420', '241590', '031430', '079160', '161890', '016380', '001800', '003000', '003520', '003850', '004490', '192820', '069260', '103140', '105630', '114090', '192080', '020000', '001680', '005440', '284740', '006120', '006040', '000070', '002350', '192400', '057050', '064960', '049770']","['SK하이닉스', 'NAVER', '삼성바이오로직스', '카카오', 'LG화학', '현대차', '삼성SDI', '기아', 'POSCO', 'KB금융', '셀트리온', '카카오뱅크', '현대모비스', '삼성물산', 'LG전자', '신한지주', 'SK이노베이션', '카카오페이', 'HMM', 'SK', '한국전력', 'LG생활건강', '하나금융지주', '크래프톤', '두산중공업', 'SK텔레콤', '삼성전기', '삼성생명', 'LG', '하이브', 'SK바이오사이언스', 'KT&G', '삼성에스디에스', '아모레퍼시픽', '고려아연', '현대중공업', '우리금융지주', 'S-Oil', '대한항공', '엔씨소프트', '포스코케미칼', '삼성화재', '넷마블', 'SK아이이테크놀로지', 'KT', 'LG이노텍', '기업은행', 'SK스퀘어', '롯데케미칼', '한화솔루션', 'SK바이오팜', '한국조선해양', '현대글로비스', 'LG디스플레이', '한온시스템', 'LG유플러스', '강원랜드', 'CJ제일제당', '현대제철', '미래에셋증권', '삼성중공업', 'SKC', '코웨이', '삼성엔지니어링', '현대건설', '금호석유', '메리츠금융지주', '한국금융지주', '유한양행', 'DB손해보험', '현대중공업지주', '한국가스공사', '한국타이어앤테크놀로지', '일진머티리얼즈', '메리츠증권', '아모레G', 'GS', '쌍용C&E', 'GS건설', '삼성증권', '두산밥캣', '한국항공우주', '이마트', '팬오션', '삼성카드', '한전기술', '오리온', '한진칼', 'NH투자증권', '한미약품', '현대미포조선', '롯데지주', '한화시스템', '호텔신라', 'CJ대한통운', '한미사이언스', 'DB하이텍', 'KCC', '대우건설', '대우조선해양', '한화에어로스페이스', 'GS리테일', '에스원', 'BGF리테일', '씨에스윈드', '키움증권', '신세계', 'OCI', '한화생명', '제일기획', '포스코인터내셔널', '동서', '하이트진로', '현대해상', '한솔케미칼', 'DL이앤씨', 'BNK금융지주', '두산퓨얼셀', '롯데쇼핑', 'CJ', '한화', '녹십자', '현대로템', '효성첨단소재', 'SK케미칼', '만도', '두산', '효성티앤씨', '휠라홀딩스', '롯데정밀화학', '대웅제약', '신풍제약', '대웅', '농심', '효성', '영원무역', '한전KPS', '현대백화점', '후성', '한샘', '동국제강', 'LS', '코오롱인더', '현대위아', '동원시스템즈', '아이에스동서', '오뚜기', 'LIG넥스원', '현대엘리베이', '현대두산인프라코어', '롯데칠성', 'DL', '한국앤컴퍼니', '명신산업', 'PI첨단소재', '아시아나항공', '롯데관광개발', 'LS ELECTRIC', '영풍', 'LX인터내셔널', '대한전선', 'SK네트웍스', 'HDC현대산업개발', '에스엘', '지누스', '금호타이어', '종근당', '태광산업', '녹십자홀딩스', '대한유화', '한올바이오파마', '화승엔터프라이즈', '신세계인터내셔날', 'CJ CGV', '한국콜마', 'KG동부제철', '오리온홀딩스', '부광약품', '영진약품', '보령제약', '세방전지', '코스맥스', '휴켐스', '풍산', '한세실업', 'GKL', '더블유게임즈', '한섬', '대상', '현대그린푸드', '쿠쿠홈시스', 'SK디스커버리', '동원산업', '삼양홀딩스', '넥센타이어', '쿠쿠홀딩스', '현대홈쇼핑', 'SNT모티브', '동원F&B']"
1224,코스피 200 비중상한 30%,"['005930', '000660', '035420', '207940', '035720', '051910', '005380', '006400', '000270', '005490', '105560', '323410', '068270', '012330', '028260', '066570', '055550', '096770', '377300', '011200', '034730', '015760', '051900', '086790', '259960', '034020', '017670', '009150', '032830', '003550', '352820', '033780', '302440', '090430', '018260', '010130', '316140', '010950', '329180', '003490', '036570', '003670', '000810', '251270', '030200', '361610', '011070', '024110', '402340', '011170', '009830', '086280', '034220', '009540', '326030', '018880', '035250', '032640', '004020', '097950', '006800', '010140', '021240', '011790', '028050', '000720', '011780', '138040', '071050', '161390', '267250', '036460', '005830', '020150', '000100', '002790', '008560', '003410', '047810', '078930', '139480', '028670', '006360', '016360', '241560', '029780', '052690', '005940', '271560', '180640', '010620', '128940', '272210', '008770', '004990', '000990', '000120', '002380', '008930', '042660', '047040', '039490', '282330', '012750', '012450', '112610', '007070', '026960', '030000', '010060', '004170', '000080', '375500', '336260', '047050', '088350', '001040', '001450', '014680', '023530', '138930', '000880', '006280', '298050', '204320', '285130', '064350', '000150', '298020', '081660', '019170', '004000', '004370', '009240', '111770', '069960', '093370', '069620', '001230', '003090', '004800', '051600', '011210', '014820', '010780', '006260', '007310', '120110', '079550', '017800', '005300', '042670', '020560', '010120', '000210', '000240', '000670', '001120', '001440', '005850', '294870', '013890', '032350', '073240', '178920', '185750', '009900', '001740', '003240', '005250', '006650', '009420', '241590', '031430', '079160', '103140', '161890', '192820', '016380', '001800', '003000', '003520', '003850', '004490', '005440', '284740', '020000', '069260', '105630', '114090', '192080', '006040', '000070', '001680', '002350', '192400', '049770', '057050', '064960', '006120']","['삼성전자', 'SK하이닉스', 'NAVER', '삼성바이오로직스', '카카오', 'LG화학', '현대차', '삼성SDI', '기아', 'POSCO', 'KB금융', '카카오뱅크', '셀트리온', '현대모비스', '삼성물산', 'LG전자', '신한지주', 'SK이노베이션', '카카오페이', 'HMM', 'SK', '한국전력', 'LG생활건강', '하나금융지주', '크래프톤', '두산중공업', 'SK텔레콤', '삼성전기', '삼성생명', 'LG', '하이브', 'KT&G', 'SK바이오사이언스', '아모레퍼시픽', '삼성에스디에스', '고려아연', '우리금융지주', 'S-Oil', '현대중공업', '대한항공', '엔씨소프트', '포스코케미칼', '삼성화재', '넷마블', 'KT', 'SK아이이테크놀로지', 'LG이노텍', '기업은행', 'SK스퀘어', '롯데케미칼', '한화솔루션', '현대글로비스', 'LG디스플레이', '한국조선해양', 'SK바이오팜', '한온시스템', '강원랜드', 'LG유플러스', '현대제철', 'CJ제일제당', '미래에셋증권', '삼성중공업', '코웨이', 'SKC', '삼성엔지니어링', '현대건설', '금호석유', '메리츠금융지주', '한국금융지주', '한국타이어앤테크놀로지', '현대중공업지주', '한국가스공사', 'DB손해보험', '일진머티리얼즈', '유한양행', '아모레G', '메리츠증권', '쌍용C&E', '한국항공우주', 'GS', '이마트', '팬오션', 'GS건설', '삼성증권', '두산밥캣', '삼성카드', '한전기술', 'NH투자증권', '오리온', '한진칼', '현대미포조선', '한미약품', '한화시스템', '호텔신라', '롯데지주', 'DB하이텍', 'CJ대한통운', 'KCC', '한미사이언스', '대우조선해양', '대우건설', '키움증권', 'BGF리테일', '에스원', '한화에어로스페이스', '씨에스윈드', 'GS리테일', '동서', '제일기획', 'OCI', '신세계', '하이트진로', 'DL이앤씨', '두산퓨얼셀', '포스코인터내셔널', '한화생명', 'CJ', '현대해상', '한솔케미칼', '롯데쇼핑', 'BNK금융지주', '한화', '녹십자', '효성첨단소재', '만도', 'SK케미칼', '현대로템', '두산', '효성티앤씨', '휠라홀딩스', '신풍제약', '롯데정밀화학', '농심', '한샘', '영원무역', '현대백화점', '후성', '대웅제약', '동국제강', '대웅', '효성', '한전KPS', '현대위아', '동원시스템즈', '아이에스동서', 'LS', '오뚜기', '코오롱인더', 'LIG넥스원', '현대엘리베이', '롯데칠성', '현대두산인프라코어', '아시아나항공', 'LS ELECTRIC', 'DL', '한국앤컴퍼니', '영풍', 'LX인터내셔널', '대한전선', '에스엘', 'HDC현대산업개발', '지누스', '롯데관광개발', '금호타이어', 'PI첨단소재', '종근당', '명신산업', 'SK네트웍스', '태광산업', '녹십자홀딩스', '대한유화', '한올바이오파마', '화승엔터프라이즈', '신세계인터내셔날', 'CJ CGV', '풍산', '한국콜마', '코스맥스', 'KG동부제철', '오리온홀딩스', '부광약품', '영진약품', '보령제약', '세방전지', '현대그린푸드', '쿠쿠홈시스', '한섬', '휴켐스', '한세실업', 'GKL', '더블유게임즈', '동원산업', '삼양홀딩스', '대상', '넥센타이어', '쿠쿠홀딩스', '동원F&B', '현대홈쇼핑', 'SNT모티브', 'SK디스커버리']"
1227,코스피 200 비중상한 25%,"['005930', '000660', '035420', '207940', '035720', '051910', '005380', '006400', '000270', '005490', '105560', '323410', '068270', '012330', '028260', '066570', '055550', '096770', '377300', '011200', '034730', '015760', '051900', '086790', '259960', '034020', '017670', '009150', '032830', '003550', '352820', '033780', '302440', '090430', '018260', '010130', '316140', '010950', '329180', '003490', '036570', '003670', '000810', '251270', '030200', '361610', '011070', '024110', '402340', '011170', '009830', '086280', '034220', '009540', '326030', '018880', '035250', '032640', '004020', '097950', '006800', '010140', '021240', '011790', '028050', '000720', '011780', '138040', '071050', '161390', '267250', '036460', '005830', '020150', '000100', '002790', '008560', '003410', '047810', '078930', '139480', '028670', '006360', '016360', '241560', '029780', '052690', '005940', '271560', '180640', '010620', '128940', '272210', '008770', '004990', '000990', '000120', '002380', '008930', '042660', '047040', '039490', '282330', '012750', '012450', '112610', '007070', '026960', '030000', '010060', '004170', '000080', '375500', '336260', '047050', '088350', '001040', '001450', '014680', '023530', '138930', '000880', '006280', '298050', '204320', '285130', '064350', '000150', '298020', '081660', '019170', '004000', '004370', '009240', '111770', '069960', '093370', '069620', '001230', '003090', '004800', '051600', '011210', '014820', '010780', '006260', '007310', '120110', '079550', '017800', '005300', '042670', '020560', '010120', '000210', '000240', '000670', '001120', '001440', '005850', '294870', '013890', '032350', '073240', '178920', '185750', '009900', '001740', '003240', '005250', '006650', '009420', '241590', '031430', '079160', '103140', '161890', '192820', '016380', '001800', '003000', '003520', '003850', '004490', '005440', '284740', '020000', '069260', '105630', '114090', '192080', '006040', '000070', '001680', '002350', '192400', '049770', '057050', '064960', '006120']","['삼성전자', 'SK하이닉스', 'NAVER', '삼성바이오로직스', '카카오', 'LG화학', '현대차', '삼성SDI', '기아', 'POSCO', 'KB금융', '카카오뱅크', '셀트리온', '현대모비스', '삼성물산', 'LG전자', '신한지주', 'SK이노베이션', '카카오페이', 'HMM', 'SK', '한국전력', 'LG생활건강', '하나금융지주', '크래프톤', '두산중공업', 'SK텔레콤', '삼성전기', '삼성생명', 'LG', '하이브', 'KT&G', 'SK바이오사이언스', '아모레퍼시픽', '삼성에스디에스', '고려아연', '우리금융지주', 'S-Oil', '현대중공업', '대한항공', '엔씨소프트', '포스코케미칼', '삼성화재', '넷마블', 'KT', 'SK아이이테크놀로지', 'LG이노텍', '기업은행', 'SK스퀘어', '롯데케미칼', '한화솔루션', '현대글로비스', 'LG디스플레이', '한국조선해양', 'SK바이오팜', '한온시스템', '강원랜드', 'LG유플러스', '현대제철', 'CJ제일제당', '미래에셋증권', '삼성중공업', '코웨이', 'SKC', '삼성엔지니어링', '현대건설', '금호석유', '메리츠금융지주', '한국금융지주', '한국타이어앤테크놀로지', '현대중공업지주', '한국가스공사', 'DB손해보험', '일진머티리얼즈', '유한양행', '아모레G', '메리츠증권', '쌍용C&E', '한국항공우주', 'GS', '이마트', '팬오션', 'GS건설', '삼성증권', '두산밥캣', '삼성카드', '한전기술', 'NH투자증권', '오리온', '한진칼', '현대미포조선', '한미약품', '한화시스템', '호텔신라', '롯데지주', 'DB하이텍', 'CJ대한통운', 'KCC', '한미사이언스', '대우조선해양', '대우건설', '키움증권', 'BGF리테일', '에스원', '한화에어로스페이스', '씨에스윈드', 'GS리테일', '동서', '제일기획', 'OCI', '신세계', '하이트진로', 'DL이앤씨', '두산퓨얼셀', '포스코인터내셔널', '한화생명', 'CJ', '현대해상', '한솔케미칼', '롯데쇼핑', 'BNK금융지주', '한화', '녹십자', '효성첨단소재', '만도', 'SK케미칼', '현대로템', '두산', '효성티앤씨', '휠라홀딩스', '신풍제약', '롯데정밀화학', '농심', '한샘', '영원무역', '현대백화점', '후성', '대웅제약', '동국제강', '대웅', '효성', '한전KPS', '현대위아', '동원시스템즈', '아이에스동서', 'LS', '오뚜기', '코오롱인더', 'LIG넥스원', '현대엘리베이', '롯데칠성', '현대두산인프라코어', '아시아나항공', 'LS ELECTRIC', 'DL', '한국앤컴퍼니', '영풍', 'LX인터내셔널', '대한전선', '에스엘', 'HDC현대산업개발', '지누스', '롯데관광개발', '금호타이어', 'PI첨단소재', '종근당', '명신산업', 'SK네트웍스', '태광산업', '녹십자홀딩스', '대한유화', '한올바이오파마', '화승엔터프라이즈', '신세계인터내셔날', 'CJ CGV', '풍산', '한국콜마', '코스맥스', 'KG동부제철', '오리온홀딩스', '부광약품', '영진약품', '보령제약', '세방전지', '현대그린푸드', '쿠쿠홈시스', '한섬', '휴켐스', '한세실업', 'GKL', '더블유게임즈', '동원산업', '삼양홀딩스', '대상', '넥센타이어', '쿠쿠홀딩스', '동원F&B', '현대홈쇼핑', 'SNT모티브', 'SK디스커버리']"
1232,코스피 200 비중상한 20%,"['005930', '000660', '035420', '207940', '035720', '051910', '005380', '006400', '000270', '005490', '105560', '323410', '068270', '012330', '028260', '066570', '055550', '096770', '377300', '011200', '034730', '015760', '051900', '086790', '259960', '034020', '017670', '009150', '032830', '003550', '352820', '033780', '302440', '090430', '018260', '010130', '316140', '010950', '329180', '003490', '036570', '003670', '000810', '251270', '030200', '361610', '011070', '024110', '402340', '011170', '009830', '086280', '034220', '009540', '326030', '018880', '035250', '032640', '004020', '097950', '006800', '010140', '021240', '011790', '028050', '000720', '011780', '138040', '071050', '161390', '267250', '036460', '005830', '020150', '000100', '002790', '008560', '003410', '047810', '078930', '139480', '028670', '006360', '016360', '241560', '029780', '052690', '005940', '271560', '180640', '010620', '128940', '272210', '008770', '004990', '000990', '000120', '002380', '008930', '042660', '047040', '039490', '282330', '012750', '012450', '112610', '007070', '026960', '030000', '010060', '004170', '000080', '375500', '336260', '047050', '088350', '001040', '001450', '014680', '023530', '138930', '000880', '006280', '298050', '204320', '285130', '064350', '000150', '298020', '081660', '019170', '004000', '004370', '009240', '111770', '069960', '093370', '069620', '001230', '003090', '004800', '051600', '011210', '014820', '010780', '006260', '007310', '120110', '079550', '017800', '005300', '042670', '020560', '010120', '000210', '000240', '000670', '001120', '001440', '005850', '294870', '013890', '032350', '073240', '178920', '185750', '009900', '001740', '003240', '005250', '006650', '009420', '241590', '031430', '079160', '103140', '161890', '192820', '016380', '001800', '003000', '003520', '003850', '004490', '005440', '284740', '020000', '069260', '105630', '114090', '192080', '006040', '000070', '001680', '002350', '192400', '049770', '057050', '064960', '006120']","['삼성전자', 'SK하이닉스', 'NAVER', '삼성바이오로직스', '카카오', 'LG화학', '현대차', '삼성SDI', '기아', 'POSCO', 'KB금융', '카카오뱅크', '셀트리온', '현대모비스', '삼성물산', 'LG전자', '신한지주', 'SK이노베이션', '카카오페이', 'HMM', 'SK', '한국전력', 'LG생활건강', '하나금융지주', '크래프톤', '두산중공업', 'SK텔레콤', '삼성전기', '삼성생명', 'LG', '하이브', 'KT&G', 'SK바이오사이언스', '아모레퍼시픽', '삼성에스디에스', '고려아연', '우리금융지주', 'S-Oil', '현대중공업', '대한항공', '엔씨소프트', '포스코케미칼', '삼성화재', '넷마블', 'KT', 'SK아이이테크놀로지', 'LG이노텍', '기업은행', 'SK스퀘어', '롯데케미칼', '한화솔루션', '현대글로비스', 'LG디스플레이', '한국조선해양', 'SK바이오팜', '한온시스템', '강원랜드', 'LG유플러스', '현대제철', 'CJ제일제당', '미래에셋증권', '삼성중공업', '코웨이', 'SKC', '삼성엔지니어링', '현대건설', '금호석유', '메리츠금융지주', '한국금융지주', '한국타이어앤테크놀로지', '현대중공업지주', '한국가스공사', 'DB손해보험', '일진머티리얼즈', '유한양행', '아모레G', '메리츠증권', '쌍용C&E', '한국항공우주', 'GS', '이마트', '팬오션', 'GS건설', '삼성증권', '두산밥캣', '삼성카드', '한전기술', 'NH투자증권', '오리온', '한진칼', '현대미포조선', '한미약품', '한화시스템', '호텔신라', '롯데지주', 'DB하이텍', 'CJ대한통운', 'KCC', '한미사이언스', '대우조선해양', '대우건설', '키움증권', 'BGF리테일', '에스원', '한화에어로스페이스', '씨에스윈드', 'GS리테일', '동서', '제일기획', 'OCI', '신세계', '하이트진로', 'DL이앤씨', '두산퓨얼셀', '포스코인터내셔널', '한화생명', 'CJ', '현대해상', '한솔케미칼', '롯데쇼핑', 'BNK금융지주', '한화', '녹십자', '효성첨단소재', '만도', 'SK케미칼', '현대로템', '두산', '효성티앤씨', '휠라홀딩스', '신풍제약', '롯데정밀화학', '농심', '한샘', '영원무역', '현대백화점', '후성', '대웅제약', '동국제강', '대웅', '효성', '한전KPS', '현대위아', '동원시스템즈', '아이에스동서', 'LS', '오뚜기', '코오롱인더', 'LIG넥스원', '현대엘리베이', '롯데칠성', '현대두산인프라코어', '아시아나항공', 'LS ELECTRIC', 'DL', '한국앤컴퍼니', '영풍', 'LX인터내셔널', '대한전선', '에스엘', 'HDC현대산업개발', '지누스', '롯데관광개발', '금호타이어', 'PI첨단소재', '종근당', '명신산업', 'SK네트웍스', '태광산업', '녹십자홀딩스', '대한유화', '한올바이오파마', '화승엔터프라이즈', '신세계인터내셔날', 'CJ CGV', '풍산', '한국콜마', '코스맥스', 'KG동부제철', '오리온홀딩스', '부광약품', '영진약품', '보령제약', '세방전지', '현대그린푸드', '쿠쿠홈시스', '한섬', '휴켐스', '한세실업', 'GKL', '더블유게임즈', '동원산업', '삼양홀딩스', '대상', '넥센타이어', '쿠쿠홀딩스', '동원F&B', '현대홈쇼핑', 'SNT모티브', 'SK디스커버리']"
1244,코스피200제외 코스피지수,"['373220', '383220', '137310', '088980', '000060', '307950', '336370', '042700', '381970', '175330', '139130', '089860', '012510', '271940', '365550', '363280', '330590', '181710', '011000', '300720', '353200', '003690', '249420', '005070', '248070', '039130', '036420', '018670', '007700', '003530', '082640', '089590', '214320', '023590', '005880', '268280', '017390', '395400', '002840', '344820', '195870', '003540', '348950', '298000', '003280', '145720', '014830', '005090', '272450', '016710', '097520', '034120', '005610', '280360', '383800', '033270', '010050', '007340', '085620', '192650', '007810', '003470', '267260', '210980', '003580', '001430', '267270', '097230', '000640', '001530', '009970', '005690', '009450', '003230', '084010', '183190', '034310', '017810', '025540', '001880', '001720', '008730', '001820', '034830', '071840', '170900', '286940', '298040', '001060', '003030', '006390', '017960', '002240', '000400', '025860', '003070', '108670', '005180', '020120', '007690', '145990', '093050', '005390', '115390', '000370', '161000', '102460', '030610', '068400', '027410', '018250', '009160', '004430', '138250', '008490', '123890', '012630', '357120', '226320', '298690', '037270', '007570', '002320', '004690', '004890', '007660', '026890', '058650', '060980', '075580', '082740', '092220', '117580', '126560', '130660', '138490', '139990', '293940', '281820', '001390', '001510', '001780', '002310', '002990', '003220', '003620', '005420', '009410', '016800', '037560', '053210', '071320', '104700', '271980', '000050', '088260', '339770', '001470', '002020', '002270', '003300', '005950', '009290', '011690', '011930', '016590', '024720', '033240', '055490', '081000', '091810', '194370', '000020', '377190', '317400', '001520', '001630', '002030', '002960', '004250', '004700', '004980', '005500', '013580', '017940', '072710', '077970', '084680', '095720', '122900', '214330', '272550', '293480', '001500', '000140', '306200', '001130', '001200', '001940', '002780', '003060', '005810', '005960', '006060', '006110', '006490', '009680', '016580', '019680', '029530', '030210', '031440', '033920', '035510', '037710', '068290', '077500', '079430', '084690', '107590', '213500', '000480', '404990', '322000', '000680', '001070', '001360', '001460', '002390', '003200', '003570', '003920', '004090', '004380', '006840', '007460', '007860', '008350', '009580', '011280', '012610', '014280', '016610', '018470', '024090', '029460', '033180', '036530', '039570', '044450', '058430', '095570', '096760', '000490', '000390', '234080', '001270', '001790', '002100', '002150', '002460', '002710', '002810', '002900', '003160', '003960', '004560', '006740', '007160', '007210', '008060', '010690', '014160', '015860', '016450', '025000', '028100', '035150', '070960', '079980', '083420', '092230', '093230', '101530', '102260', '136490', '229640', '000540', '400760', '267850', '001250', '001570', '002210', '002620', '003120', '004360', '004710', '004830', '005680', '005720', '009270', '009810', '010820', '011500', '011760', '012800', '013570', '014790', '015360', '023450', '033530', '036580', '074610', '090350', '092200', '100250', '105840', '128820', '214390', '248170', '000970', '334890', '372910', '001340', '001750', '003560', '003830', '004140', '004960', '004970', '006220', '007280', '008040', '009070', '009470', '012030', '013360', '015890', '023800', '063160', '069460', '078520', '094280', '103590', '200880', '244920', '000430', '396690', '308170', '000230', '000300', '000320', '000700', '000860', '002170', '002450', '002700', '003460', '003610', '003650', '003780', '004080', '004310', '004540', '004720', '005010', '005430', '006340', '006380', '006890', '007110', '008700', '008970', '010040', '011150', '011700', '014530', '015540', '016880', '017550', '017900', '025820', '032560', '034300', '071970', '089470', '091090', '100840', '102280', '120030', '123690', '134380', '210540', '267290', '282690', '000180', '350520', '264900', '000520', '000890', '000910', '001260', '001290', '001550', '001560', '002360', '002600', '002630', '002760', '002880', '003350', '003480', '004060', '004150', '004270', '004410', '004440', '005320', '005740', '005750', '005800', '005870', '006370', '006660', '007540', '007980', '008110', '008250', '008260', '009190', '009200', '009460', '010960', '011810', '012200', '012690', '014580', '015230', '016090', '016740', '017040', '017180', '019440', '023000', '024890', '024900', '025750', '031820', '034590', '044820', '047400', '053690', '067830', '075180', '092440', '101140', '118000', '134790', '214420', '000220', '119650', '129260', '133820', '143210', '155660', '163560', '227840', '378850', '380440', '338100', '357250', '000500', '000590', '000650', '001020', '001080', '001140', '001380', '002070', '002140', '002200', '002220', '002410', '002720', '003720', '004450', '004770', '004840', '004910', '006090', '006200', '006980', '007590', '008420', '008600', '009180', '009320', '009440', '010100', '010580', '010600', '010640', '011090', '011330', '011390', '012160', '012170', '012320', '013520', '013700', '013870', '014440', '014710', '015590', '021050', '021820', '023810', '023960', '026940', '027740', '027970', '035000', '049800', '051630', '058730', '058850', '058860', '078000', '085310', '090080', '092780', '100220', '111110', '145270', '123700', '000040', '000850', '000950', '001620', '002420', '002690', '002820', '002870', '002920', '003010', '003080', '003680', '004100', '004870', '005110', '005360', '005820', '006570', '006880', '007120', '007610', '008870', '009140', '009310', '009770', '010400', '010660', '010770', '011420', '012280', '013000', '014130', '014910', '014990', '015020', '015260', '017370', '019180', '020760', '023150', '023350', '024070', '025530', '025560', '025620', '025890', '041650', '044380', '069640', '069730', '071090', '072130', '084670', '090370', '093240', '109070', '155900', '140910', '145210', '153360', '000760', '001210', '001420', '001770', '004920', '005030', '008500', '010420', '011230', '011300', '012600', '018500', '019490', '030720', '030790', '033250', '071950', '084870', '088790', '204210']","['LG에너지솔루션', 'F&F', '에스디바이오센서', '맥쿼리인프라', '메리츠화재', '현대오토에버', '솔루스첨단소재', '한미반도체', '케이카', 'JB금융지주', 'DGB금융지주', '롯데렌탈', '더존비즈온', '일진하이솔루스', 'ESR켄달스퀘어리츠', '티와이홀딩스', '롯데리츠', 'NHN', '진원생명과학', '한일시멘트', '대덕전자', '코리안리', '일동제약', '코스모신소재', '솔루엠', '하나투어', '제이콘텐트리', 'SK가스', 'F&F홀딩스', '한화투자증권', '동양생명', '제주항공', '이노션', '다우기술', '대한해운', '미원에스씨', '서울가스', 'SK리츠', '미원상사', 'KCC글라스', '해성디에스', '대신증권', '제이알글로벌리츠', '효성화학', '흥아해운', '덴티움', '유니드', 'SGC에너지', '진에어', '대성홀딩스', '엠씨넥스', 'SBS', 'SPC삼립', '롯데제과', 'LX홀딩스', '유나이티드제약', '우리종금', '디티알오토모티브', '미래에셋생명', '드림텍', '코리아써키트', '유안타증권', '현대일렉트릭', 'SK디앤디', '넥스트사이언스', '세아베스틸', '현대건설기계', 'HJ중공업', '동아쏘시오홀딩스', 'DI동일', '영원무역홀딩스', '파미셀', '경동나비엔', '삼양식품', '대한제강', '아세아시멘트', 'NICE', '풀무원', '한국단자', 'DL건설', '신영증권', '율촌화학', '삼화콘덴서', '한국토지신탁', '롯데하이마트', '동아에스티', '롯데정보통신', '효성중공업', 'JW중외제약', '세아제강지주', '한일현대시멘트', '한국카본', '고려제강', '롯데손해보험', '남해화학', '코오롱글로벌', 'LX하우시스', '빙그레', '키다리스튜디오', '국도화학', '삼양사', 'LF', '신성통상', '락앤락', '한화손해보험', '애경케미칼', '이연제약', '교보증권', 'SK렌터카', 'BGF', '애경산업', 'SIMPAC', '송원산업', '엔에스쇼핑', '서흥', '한국자산신탁', 'HDC', '코람코에너지리츠', '잇츠한불', '에어부산', 'YG PLUS', '일양약품', '한진', '삼천리', '동일산업', '이수페타시스', '스틱인베스트먼트', '세아홀딩스', '한라홀딩스', '세진중공업', 'HSD엔진', 'KEC', '대성에너지', '현대퓨처넷', '한전산업', '코오롱플라스틱', '아주스틸', '신한알파리츠', '케이씨텍', 'KG케미칼', 'SK증권', '알루코', '아세아제지', '금호건설', '대원제약', '쌍용차', '코스모화학', '태영건설', '퍼시스', 'LG헬로비전', '스카이라이프', '지역난방공사', '한국철강', '제일약품', '경방', '이리츠코크렙', '교촌에프앤비', '삼부토건', '코오롱', '롯데푸드', '한일홀딩스', '이수화학', '광동제약', '와이투솔루션', '신성이엔지', '신대양제지', '한국콜마홀딩스', '자화전자', '테이팩스', '일진다이아', '티웨이항공', '제이에스코퍼레이션', '동화약품', '디앤디플랫폼리츠', '자이에스앤디', '동양', '종근당홀딩스', '아세아', '한국쉘석유', 'NPC', '조광피혁', '성신양회', '삼진제약', '계룡건설', 'E1', '농심홀딩스', 'STX엔진', '이월드', '웅진씽크빅', '아이마켓코리아', '금호에이치티', '삼양패키징', '하나제약', '현대차증권', '하이트진로홀딩스', '세아제강', '대한제분', '유진투자증권', 'KISCO홀딩스', '진흥기업', '에이프로젠제약', '풍산홀딩스', '동부건설', '화승인더', '삼아알미늄', '인스코비', '모토닉', '환인제약', '대교', '신도리코', 'KTB투자증권', '신세계푸드', '무학', '신세계 I&C', '광주신세계', '삼성출판사', '유니퀘스트', '현대리바트', '대상홀딩스', '미원홀딩스', '한솔제지', '조선내화', '신한서부티엔디리츠', '현대에너지솔루션', 'LS네트웍스', '대한방직', '삼성제약', 'BYC', '한독', '일신방직', 'SNT중공업', '남양유업', '한국석유', '삼익THK', 'AK홀딩스', '에이프로젠 MED', '서연', '남선알미늄', '무림P&P', '태림포장', '경인양행', '금강공업', 'DB금융투자', '조일알미늄', '디씨엠', '케이씨', 'KH 필룩스', 'SNT홀딩스', 'HDC랩스', 'KSS해운', '포스코강판', 'AJ네트웍스', 'JW홀딩스', '대동', '삼화페인트', 'JW생명과학', '부국증권', '대한제당', '경농', '도화엔지니어링', '화성산업', 'TCC스틸', '삼영무역', 'TYM', '디아이', '사조대림', '현대비앤지스틸', '영풍제지', '사조산업', '벽산', '대덕', '화신', '대영포장', '일진홀딩스', '한세예스24홀딩스', 'KPX케미칼', '동아지질', '백산', '용평리조트', '휴비스', '그린케미칼', 'KPX홀딩스', '이아이디', '해태제과식품', '동성케미컬', '선진', 'LS전선아시아', '흥국화재', 'NH올원리츠', '아시아나IDT', 'GS글로벌', '금양', '동성제약', '제일파마홀딩스', '일성신약', '세방', '한솔테크닉스', '덕성', '삼영전자', '넥센', '신원', '플레이그램', '퍼스텍', '한농화성', '현대코퍼레이션', '대창', '디와이', '한라', '예스코홀딩스', '동남합성', '세종공업', '팜스코', '이엔플러스', '노루페인트', '디아이씨', '진양홀딩스', '우진', '대성산업', '경보제약', '샘표식품', '한국주철관', '이지스밸류리츠', '한컴라이프케어', '백광산업', '한양증권', 'IHQ', '대한화섬', '동방', '한신공영', '신라교역', '제주은행', '한국특강', '사조동아원', 'KCTC', '삼화전기', 'DB', '일성건설', '태경산업', '인지컨트롤스', '종근당바이오', '대호에이엘', '에이블씨엔씨', '효성ITX', '일진전기', '서연이화', '에이플러스에셋', '대원강업', '미래에셋글로벌리츠', '센트랄모텍', '일동홀딩스', '대유플러스', '노루홀딩스', '유수홀딩스', '강남제비스코', '삼양통상', '삼익악기', '신일전자', '유화증권', '방림', '미창석유', '진양산업', '신흥', '현대약품', '깨끗한나라', '팜젠사이언스', '휴스틸', '한국공항', '대원전선', '카프로', '태경케미컬', '일신석재', '아남전자', '동양철관', '한국내화', 'CJ씨푸드', '한신기계', '극동유화', '쎌마테라퓨틱스', '웅진', '수산중공업', '광전자', '이구산업', '황금에스티', '신세계건설', 'STX중공업', 'HDC현대EP', '세원이앤씨', 'SNT에너지', '쌍방울', '조선선재', '한국화장품', '미원화학', '디와이파워', '경동도시가스', '동아타이어', '성창기업지주', '이지스레지던스리츠', '크라운제과', '삼일제약', '보해양조', '유니온', '남광토건', '상상인증권', '조비', '제일연마', 'SH에너지화학', '조흥', '오리엔트바이오', '보락', '대유에이텍', '한국화장품제조', '한진중공업홀딩스', 'SG세계물산', '한솔홀딩스', '남성', '서울식품', '삼일씨엔에스', '국동', '크라운해태홀딩스', '대림B&Co', '신영와코루', '휴니드', '대구백화점', '삼성공조', '샘표', '태평양물산', '대동전자', '이건산업', 'NI스틸', '대양금속', '무림페이퍼', '한창제지', '삼호개발', 'STX', '계양전기', '모나리자', '태경비케이', '대창단조', '대현', '두올', '광명전기', '명문제약', '세아특수강', '삼원강재', '대원화성', '덕양산업', '한솔홈데코', '콤텍시스템', '인천도시가스', '코스맥스비티아이', '유니온머티리얼', '한미글로벌', '세이브존I&C', '새론오토모티브', '기신정기', '인바이오젠', '우리들휴브레인', '시디즈', '토니모리', '유유제약', 'KC코트렐', '인터지스', '화인베스틸', '핸즈코퍼레이션', 'DSR', '동일고무벨트', '현대코퍼레이션홀딩스', '화승알앤에이', '엔에이치스팩19호', 'NH프라임리츠', '미래에셋맵스리츠', '가온전선', 'CS홀딩스', '천일고속', '페이퍼코리아', '만호제강', '국보', 'SG글로벌', '비비안', '고려산업', '한국수출포장', '한일철강', '범양건영', '국제약품', '삼영화학', '삼화왕관', '써니전자', 'DRB동일', '조광페인트', '사조오양', '한국전자홀딩스', '우성', '동방아그로', '문배철강', '윌비스', '한솔로지스틱스', '대우부품', 'KC그린홀딩스', '한국프랜지', '지코', '웰바이오텍', '진양폴리', '에넥스', '유니켐', '부산산업', '영흥', '아센디오', '경동인베스트', '화승코퍼레이션', '까뮤이앤씨', '지엠비코리아', '영보화학', '사조씨푸드', '큐로', '서원', '세원정공', '인팩', '에쓰씨엔지니어링', '부국철강', '마니커', '세하', '지투알', '우진플라임', '진양화학', '다스코', 'KTcs', 'KTis', '텔코웨어', '엔케이', '평화산업', '동양피스톤', '비상교육', '호전실업', '케이탑리츠', 'SJM', 'KR모터스', '화천기공', '전방', '케이비아이동국실업', '세기상사', '동일제강', 'SUN&L', '신풍제지', '유성기업', '혜인', '성보화학', '한성기업', '태양금속', '티웨이홀딩스', '한창', '모나미', '원림', '대림통상', '신송홀딩스', '미래아이앤지', '선도전기', '금비', '경인전자', '참엔지니어링', '삼정펄프', '우진아이엔에스', '화천기계', '평화홀딩스', '갤럭시아에스엠', '영화금속', '세우글로벌', '한익스프레스', '성문전자', '인디에프', '이스타코', '에이엔피', '우신시스템', '티에이치엔', '일진디스플', 'MH에탄올', '한국종합기술', 'WISCOM', 'SJM홀딩스', '미래산업', '제이준코스메틱', '한국주강', '상신브레이크', '주연테크', '한세엠케이', 'DSR제강', '하이스틸', '유엔젤', '동양고속', '메타랩스', '형지엘리트', '컨버즈', '바다로19호', '에이리츠', '다이나믹디자인', '하이골드3호', '이화산업', '금호전기', '태원물산', 'SHD', '씨아이테크', '부산주공', '일정실업', '한솔PNS', '삼화전자', '성안', '센트럴인사이트', '동원금속', '하이트론', '동원수산', '비케이탑스', '체시스', '코아스', 'TBH글로벌', '진도', '모두투어리츠']"
1894,코스피 200 TOP 10,"['005930', '000660', '035420', '207940', '035720', '051910', '005380', '006400', '000270', '068270']","['삼성전자', 'SK하이닉스', 'NAVER', '삼성바이오로직스', '카카오', 'LG화학', '현대차', '삼성SDI', '기아', '셀트리온']"
